Topic Category,PDF,Text
total number of drug or alcohol terms mentioned,BJCF_LOCAL_-_Superintendent_Nonrenewal_LOCAL.pdf,"Drunkenness or excessive use of alcoholic beverages; or possession, use, or being under the influence of alcohol or al- coholic b everages while on District property, while working in the scope of the employee ’s duties, or while attending any school - or District -sponsored activity."
total number of drug or alcohol terms mentioned,BJCF_LOCAL_-_Superintendent_Nonrenewal_LOCAL.pdf,"The illegal possession, use, manufacture, or distribution of a controlled substance, a drug, a dangerou s drug, hallucino- gens, or other substances regulated by state statutes."
number of times arrest or synonyms are mentioned,BJCF_LOCAL_-_Superintendent_Nonrenewal_LOCAL.pdf,"Failure to report to the Board any arrest, indictment, convic- tion, no contest or guilty plea, or other adjudication fo r any fel- ony, any crime involving moral turpitude, or other offense listed at DH(LOCAL)."
number of times transfer or referral to treatment programs are mentioned,DAA_LEGAL_-_Employment_Objectives_Equal_Employment_Opportunity_LEGAL.pdf,Section 504 of the Rehabilitation Act of 1973 (Section 504) — dis- ability in programs receiving federal funds.
total number of drug or alcohol terms mentioned,DAA_LEGAL_-_Employment_Objectives_Equal_Employment_Opportunity_LEGAL.pdf,"12114(c), (d); Labor Code 21.002(6)(A) [See DHE] The term “qualified individual with a disability” does not include an individual who is an alcoholic and whose current use of alcohol prevents the employee from performing the duties of his or her job or whose employment, by reason of such current alcohol abuse, would constitute a direct threat to property or the safety of others."
number of times transfer or referral to treatment programs are mentioned,DAA_LEGAL_-_Employment_Objectives_Equal_Employment_Opportunity_LEGAL.pdf,1630.16(e); Labor Code 21.002(6)(B) A district that is subject to the jurisdiction of Title I of the ADA (em- ployment discrimination) or to Section 504 of the Rehabilitation Act (employment discrimination) shall comply with the reasonable ac- commodation requirements of those laws with respect to service animals.
total number of drug or alcohol terms mentioned,DAA_LEGAL_-_Employment_Objectives_Equal_Employment_Opportunity_LEGAL.pdf,A test for the presence of alcohol or illegal drugs is not a genetic test.
total number of drug or alcohol terms mentioned,DAA_LEGAL_-_Employment_Objectives_Equal_Employment_Opportunity_LEGAL.pdf,"However, a test to determine whether an individual has a ge- netic predisposition for alcoholism or drug use is a genetic test."
number of times suspension or synonyms are mentioned,DAA_LEGAL_-_Employment_Objectives_Equal_Employment_Opportunity_LEGAL.pdf,"This may be accomplished by tem- porary suspension of the essential function(s) and the em- ployee performing the remaining functions of their position or, depending on the position, other arrangements, including, but not limited to: the employee performing the remaining func- tions of their position and other functions assigned by the cov- ered entity; the employee performing the functions of a differ- ent job to which the covered entity temporarily transfers or assigns the employee; or the employee being assigned to light duty or modified duty or participating in the covered en- tity’s light or modified duty program."
number of times suspension or synonyms are mentioned,DAA_LEGAL_-_Employment_Objectives_Equal_Employment_Opportunity_LEGAL.pdf,"However, if such employee rejects a reasonable ac- commodation that is necessary to enable the employee to perform an essential function of the position held or desired or to apply for the position, or rejects temporary suspension of an essential func- tion if the employee is qualified under 29 C.F.R."
number of times suspension or synonyms are mentioned,DAA_LEGAL_-_Employment_Objectives_Equal_Employment_Opportunity_LEGAL.pdf,Temporary suspension of essential functions and/or modifica- tions or adjustments that permit the temporary suspension of essential functions.
total number of disciplinary terms mentioned,DAA_LEGAL_-_Employment_Objectives_Equal_Employment_Opportunity_LEGAL.pdf,Taking other disciplinary action against the person.
total number of drug or alcohol terms mentioned,DBAA_LEGAL_-_Employment_Requirements_and_Restrictions_Pre-Employment_Reviews_LEGAL.pdf,Education Code 22A.152-.153 The U.S. Department of Transportation (DOT) operates and main- tains a national clearinghouse for records relating to alcohol and controlled substances testing of commercial motor vehicle operators in order to improve compliance with DOT's alcohol and controlled substances testing program applicable to commercial motor vehicle operators [see DHE] and to enhance the safety of roadways by reducing accidents and injuries involving the misuse of alcohol or use of controlled substances by operators of commer- cial motor vehicles.
total number of drug or alcohol terms mentioned,DBAA_LEGAL_-_Employment_Requirements_and_Restrictions_Pre-Employment_Reviews_LEGAL.pdf,31306a A district must not employ a driver subject to controlled substances and alcohol testing under 49 C.F.R.
total number of drug or alcohol terms mentioned,DBAA_LEGAL_-_Employment_Requirements_and_Restrictions_Pre-Employment_Reviews_LEGAL.pdf,Part 382 to perform a safety- sensitive function without first conducting a pre-employment query of the federal Drug and Alcohol Clearinghouse to obtain informa- tion about the driver’s previous test results.
total number of drug or alcohol terms mentioned,DBAA_LEGAL_-_Employment_Requirements_and_Restrictions_Pre-Employment_Reviews_LEGAL.pdf,A district must conduct a query of the federal Drug and Alcohol Clearinghouse at least once per year for information for all employ- ees subject to controlled substance and alcohol testing under 49 C.F.R.
total number of drug or alcohol terms mentioned,DFBB_LOCAL_-_Term_Contracts_Nonrenewal_LOCAL.pdf,"Drunkenness or excessive use of alcoholic beverages; or possession, use, or being under the influence of alcohol or al- coholic beverages while on District property, while working in the scope of the employee’s duties, or while attending any school- or District-sponsored activity."
total number of drug or alcohol terms mentioned,DFBB_LOCAL_-_Term_Contracts_Nonrenewal_LOCAL.pdf,"The illegal possession, use, manufacture, or distribution of a controlled substance, a drug, a dangerous drug, hallucino- gens, or other substances regulated by state statutes."
total number of disciplinary terms mentioned,DHB_LEGAL_-_Employee_Standards_of_Conduct_Reports_to_State_Board_for_Educator_Certification_LEGAL.pdf,"[See AF] The superintendent may notify the State Board for Educator Certifi- cation (SBEC) of any educator misconduct that he or she believes in good faith may be subject to sanctions under 19 Administrative Code, Chapter 249, Disciplinary Proceedings, Sanctions, and Con- tested Cases, and/or Chapter 247, Educators' Code of Ethics."
total number of drug or alcohol terms mentioned,DHB_LEGAL_-_Employee_Standards_of_Conduct_Reports_to_State_Board_for_Educator_Certification_LEGAL.pdf,"The current use by a person of a controlled substance as de- fined by Chapter 481, Health and Safety Code, in a manner or to the extent that the use results in physical, mental, or emo- tional injury to a child; 9."
total number of drug or alcohol terms mentioned,DHB_LEGAL_-_Employee_Standards_of_Conduct_Reports_to_State_Board_for_Educator_Certification_LEGAL.pdf,Providing the student with drugs or alcohol.
total number of drug or alcohol terms mentioned,DHC_LEGAL_-_Employee_Standards_of_Conduct_Reports_to_Texas_Education_Agency_LEGAL.pdf,Providing the student with drugs or alcohol; 10.
total number of drug or alcohol terms mentioned,DHE_LEGAL_-_Employee_Standards_of_Conduct_Searches_and_Alcohol_Drug_Testing_LEGAL.pdf,"Skinner v. Railway Labor Executives Ass’n, 489 U.S. 602 (1989) A district may conduct drug tests, without a warrant and without in- dividualized suspicion, when the test serves special governmental needs that outweigh the individual’s privacy expectation."
total number of drug or alcohol terms mentioned,DHE_LEGAL_-_Employee_Standards_of_Conduct_Searches_and_Alcohol_Drug_Testing_LEGAL.pdf,382.107 A district shall ensure that all alcohol or controlled substances test- ing conducted under 49 C.F.R.
total number of drug or alcohol terms mentioned,DHE_LEGAL_-_Employee_Standards_of_Conduct_Searches_and_Alcohol_Drug_Testing_LEGAL.pdf,Pre-employment controlled substance tests required under 49 C.F.R.
total number of drug or alcohol terms mentioned,DHE_LEGAL_-_Employee_Standards_of_Conduct_Searches_and_Alcohol_Drug_Testing_LEGAL.pdf,Post-accident alcohol or controlled substance tests required under 49 C.F.R.
total number of drug or alcohol terms mentioned,DHE_LEGAL_-_Employee_Standards_of_Conduct_Searches_and_Alcohol_Drug_Testing_LEGAL.pdf,Random alcohol or controlled substances tests required un- der 49 C.F.R.
total number of drug or alcohol terms mentioned,DHE_LEGAL_-_Employee_Standards_of_Conduct_Searches_and_Alcohol_Drug_Testing_LEGAL.pdf,Reasonable suspicion alcohol or controlled substance tests required under 49 C.F.R.
total number of drug or alcohol terms mentioned,DHE_LEGAL_-_Employee_Standards_of_Conduct_Searches_and_Alcohol_Drug_Testing_LEGAL.pdf,Return-to-duty alcohol or controlled substances tests required under 49 C.F.R.
total number of drug or alcohol terms mentioned,DHE_LEGAL_-_Employee_Standards_of_Conduct_Searches_and_Alcohol_Drug_Testing_LEGAL.pdf,Follow-up alcohol or controlled substance tests required un- der 49 C.F.R.
total number of drug or alcohol terms mentioned,DHE_LEGAL_-_Employee_Standards_of_Conduct_Searches_and_Alcohol_Drug_Testing_LEGAL.pdf,382.211 A district is not required to provide an evaluation by a substance abuse professional or any subsequent recommended education or treatment for an employee who has violated a drug and alcohol regulation of the DOT.
total number of drug or alcohol terms mentioned,DHE_LEGAL_-_Employee_Standards_of_Conduct_Searches_and_Alcohol_Drug_Testing_LEGAL.pdf,"However, if a district offers an employee an opportunity to return to a safety-sensitive duty following a violation, the district must, be- fore the employee again performs that duty, ensure that the em- ployee receives an evaluation by a substance abuse professional and that the employee successfully complies with the profes- sional’s evaluation recommendations."
total number of drug or alcohol terms mentioned,DHE_LEGAL_-_Employee_Standards_of_Conduct_Searches_and_Alcohol_Drug_Testing_LEGAL.pdf,"40.289 If a district permits an employee who has violated a DOT drug and alcohol regulation to return to safety-sensitive functions, the district must ensure that the employee takes a return-to-duty test."
total number of drug or alcohol terms mentioned,DHE_LEGAL_-_Employee_Standards_of_Conduct_Searches_and_Alcohol_Drug_Testing_LEGAL.pdf,This test cannot occur until after the substance abuse professional has de- termined that the employee has successfully complied with pre- scribed education and/or treatment.
total number of drug or alcohol terms mentioned,DHE_LEGAL_-_Employee_Standards_of_Conduct_Searches_and_Alcohol_Drug_Testing_LEGAL.pdf,The employee must have a negative drug test result and/or an alcohol test with an alcohol con- centration of less than 0.02 before resuming performance of safety-sensitive duties.
total number of drug or alcohol terms mentioned,DHE_LEGAL_-_Employee_Standards_of_Conduct_Searches_and_Alcohol_Drug_Testing_LEGAL.pdf,The district shall ensure that a copy of these materials is distributed to each driver before the start of alcohol and controlled substances testing under 49 C.F.R.
total number of drug or alcohol terms mentioned,DHE_LEGAL_-_Employee_Standards_of_Conduct_Searches_and_Alcohol_Drug_Testing_LEGAL.pdf,"A valid positive result on an alcohol or drug test performed and whether the specimen producing the result was a dilute specimen, as defined by 49 C.F.R."
total number of drug or alcohol terms mentioned,DHE_LEGAL_-_Employee_Standards_of_Conduct_Searches_and_Alcohol_Drug_Testing_LEGAL.pdf,A refusal to provide a specimen for an alcohol or drug test; or 3.
total number of drug or alcohol terms mentioned,DHE_LEGAL_-_Employee_Standards_of_Conduct_Searches_and_Alcohol_Drug_Testing_LEGAL.pdf,"40.3, on an alcohol or drug test."
total number of disciplinary terms mentioned,DHE_LOCAL_-_Employee_Standards_of_Conduct_Searches_and_Alcohol_Drug_Testing_LOCAL.pdf,Searches that reveal a violation of the District’s standards of conduct may result in disciplinary action.
total number of drug or alcohol terms mentioned,DHE_LOCAL_-_Employee_Standards_of_Conduct_Searches_and_Alcohol_Drug_Testing_LOCAL.pdf,[See DH] The District may remove an employee from duty and require test- ing if there is reasonable suspicion that the employee is under the influence of alcohol or drugs used in violation of District policy.
total number of drug or alcohol terms mentioned,DHE_LOCAL_-_Employee_Standards_of_Conduct_Searches_and_Alcohol_Drug_Testing_LOCAL.pdf,Any e mployee who is asked to submit to drug or alco- hol screening shall be given the opportunity to provide relevant in- formation about prescription or nonprescription medications that may affect the screening.
total number of disciplinary terms mentioned,DHE_LOCAL_-_Employee_Standards_of_Conduct_Searches_and_Alcohol_Drug_Testing_LOCAL.pdf,"A District employee who refus es to comply with a dir ective to sub- mit to testing based upon reasonable suspicion shall be subject to disciplinary action, up to and including termination."
total number of drug or alcohol terms mentioned,DHE_LOCAL_-_Employee_Standards_of_Conduct_Searches_and_Alcohol_Drug_Testing_LOCAL.pdf,A District employee confirmed to have violated the District’s policy pertaining to alcohol or drugs may be subject to disc iplinary action .
total number of drug or alcohol terms mentioned,DHE_LOCAL_-_Employee_Standards_of_Conduct_Searches_and_Alcohol_Drug_Testing_LOCAL.pdf,"In accordance with DOT rules, the District shall estab lish an alco- hol and controlled substances testing program to help prevent ac- cidents and injuries resulting from the misuse of alcohol and con- trolled substances by the drivers of commercial motor vehicles, including school buses."
total number of drug or alcohol terms mentioned,DHE_LOCAL_-_Employee_Standards_of_Conduct_Searches_and_Alcohol_Drug_Testing_LOCAL.pdf,"The Superintendent shall designate a District official who shall be responsible for ensuring that information is disseminated to em- ployees covered under this testi ng program regarding prohibited driver conduct, alcohol and controlled substances tests, and the consequences that follow positive test results."
total number of drug or alcohol terms mentioned,DHE_LOCAL_-_Employee_Standards_of_Conduct_Searches_and_Alcohol_Drug_Testing_LOCAL.pdf,Refusing to submit to a required test for alcohol or controlled substances.
total number of drug or alcohol terms mentioned,DHE_LOCAL_-_Employee_Standards_of_Conduct_Searches_and_Alcohol_Drug_Testing_LOCAL.pdf,"Providing an adulterated, diluted, or a substituted specimen on an alcohol or controlled substances test."
total number of drug or alcohol terms mentioned,DHE_LOCAL_-_Employee_Standards_of_Conduct_Searches_and_Alcohol_Drug_Testing_LOCAL.pdf,"Testing positive for alcohol, at a concentration of 0.04 or above, i n a post -accident test."
total number of drug or alcohol terms mentioned,DHE_LOCAL_-_Employee_Standards_of_Conduct_Searches_and_Alcohol_Drug_Testing_LOCAL.pdf,"Testing positive for alcohol, at a concentration of 0.04 or above, in a random test."
total number of drug or alcohol terms mentioned,DHE_LOCAL_-_Employee_Standards_of_Conduct_Searches_and_Alcohol_Drug_Testing_LOCAL.pdf,"Testing positive f or alcohol, at a concentration of 0.04 or above, in a required follow -up test."
total number of drug or alcohol terms mentioned,DHE_LOCAL_-_Employee_Standards_of_Conduct_Searches_and_Alcohol_Drug_Testing_LOCAL.pdf,"Testing positive for alcohol, at a concentration of 0.04 or above, in a reasonable suspicion test."
total number of drug or alcohol terms mentioned,DHE_LOCAL_-_Employee_Standards_of_Conduct_Searches_and_Alcohol_Drug_Testing_LOCAL.pdf,"An employee who operates a commercial motor vehicle, including a bus, and commits a drug -related DOT violation as defined above may be reinstated as a driver if he or she successfully co mpletes a return -to-duty test."
total number of drug or alcohol terms mentioned,DHE_LOCAL_-_Employee_Standards_of_Conduct_Searches_and_Alcohol_Drug_Testing_LOCAL.pdf,"In accordance with DOT rules, a driver tested under this policy and found to have an alcohol concentration of 0.02 or greater, but less than 0.04, shall be suspended from driving duties for at least 24 hours."
total number of drug or alcohol terms mentioned,DHE_LOCAL_-_Employee_Standards_of_Conduct_Searches_and_Alcohol_Drug_Testing_LOCAL.pdf,"[In the event of a subsequent positive test result for alcohol of 0.02 or greater but less than 0.04, see the disciplinary consequences at District -Imposed Consequences, below.]"
total number of drug or alcohol terms mentioned,DHE_LOCAL_-_Employee_Standards_of_Conduct_Searches_and_Alcohol_Drug_Testing_LOCAL.pdf,"Within 24 hours of the ob- served behavior, the sup ervisor shall provide a signed, written rec- ord documenting the observations leading to a controlled substance reasonable suspicion test."
total number of drug or alcohol terms mentioned,DHE_LOCAL_-_Employee_Standards_of_Conduct_Searches_and_Alcohol_Drug_Testing_LOCAL.pdf,"In addition to the consequences established by federal law, a Dis- trict employee confirmed to have violated the District’s policy per- taining to alcohol or controlled substances, including a second or subsequent positive test result for alcohol of 0.02 or greater but less than 0.04, shall be subject to District -imposed discipline, as determined by his or her supervisor and the Superintendent."
number of times suspension or synonyms are mentioned,DHE_LOCAL_-_Employee_Standards_of_Conduct_Searches_and_Alcohol_Drug_Testing_LOCAL.pdf,"Such discipline may include any appropriate action from suspension without pay during the period of removal from safety -sensitive func- tions, up to and including termination of employment."
total number of drug or alcohol terms mentioned,DHE_LOCAL_-_Employee_Standards_of_Conduct_Searches_and_Alcohol_Drug_Testing_LOCAL.pdf,"[See DF se- ries] In cases where a driver is also employed in a nondriving capacity by the District, disciplinary action imposed for violation of alcohol and controlled substances policies shall apply to the employee’s functions and duties that involve driving."
total number of disciplinary terms mentioned,DHE_LOCAL_-_Employee_Standards_of_Conduct_Searches_and_Alcohol_Drug_Testing_LOCAL.pdf,"Additionally, u pon recom- mendation of the employee’s supervisor, disciplinary measures up to and including termination of employment with the District may be considered."
total number of disciplinary terms mentioned,DH_EXHIBIT_-_Employee_Standards_of_Conduct_EXHIBIT.pdf,"The educator shall not intentionally, knowingly, or recklessly misrepres ent his or her employment history, criminal history, and/or disciplinary record when applying for sub- sequent employment."
total number of drug or alcohol terms mentioned,DH_EXHIBIT_-_Employee_Standards_of_Conduct_EXHIBIT.pdf,The educator shall not be under the influence of alcohol or consume alcoholic beverages on school property or during school activities when students are present.
total number of disciplinary terms mentioned,DH_EXHIBIT_-_Employee_Standards_of_Conduct_EXHIBIT.pdf,The educator shall not retaliate against any in dividual who has filed a com- plaint with the SBEC or who provides information for a disciplinary investigation or proceed- ing under this chapter.
total number of health or treatment terms mentioned,DH_EXHIBIT_-_Employee_Standards_of_Conduct_EXHIBIT.pdf,"The educator shall not intentionally, knowingly, o r recklessly treat a student or minor in a manner that adversely affects or endangers the learning, physical health, mental health, or safety of the student or minor."
total number of drug or alcohol terms mentioned,DH_EXHIBIT_-_Employee_Standards_of_Conduct_EXHIBIT.pdf,The educator shall not furnish alcohol or illegal/unauthorized drugs to any per- son under 21 years of age unless the educator is a parent or guardian of that child or know- ingly allow any person under 21 years of age unless the educator is a parent or guardian of that child to consume alcohol or illegal/unauthorized drugs in the presence of the educator.
total number of health or treatment terms mentioned,DH_LEGAL_-_Employee_Standards_of_Conduct_LEGAL.pdf,"Education Code 21.041(b)(8); 19 TAC 247.1(b), (c) Any person who has reasonable cause to believe that a child’s physical or mental health or welfare has been adversely affected by abuse or neglect by any person shall immediately make a report as required by law."
number of time transfer or referral to disciplinary alternative school is mentioned,DH_LEGAL_-_Employee_Standards_of_Conduct_LEGAL.pdf,Forward or transfer the public information to the district or a district server to be preserved as provided by Government Code 552.004(a); or 2.
total number of drug or alcohol terms mentioned,DH_LEGAL_-_Employee_Standards_of_Conduct_LEGAL.pdf,Edu- cation Code 38.007(a) A district that receives a direct federal grant must agree to provide a drug-free workplace by: 1.
total number of drug or alcohol terms mentioned,DH_LEGAL_-_Employee_Standards_of_Conduct_LEGAL.pdf,"Publishing a statement notifying employees that the unlawful manufacture, distribution, dispensation, possession, or use of a controlled substance is prohibited in the district’s workplace and specifying the actions that will be taken against employ- ees for violations of the prohibition; 2."
total number of drug or alcohol terms mentioned,DH_LEGAL_-_Employee_Standards_of_Conduct_LEGAL.pdf,Establishing a drug-free awareness program to inform em- ployees about: a.
total number of drug or alcohol terms mentioned,DH_LEGAL_-_Employee_Standards_of_Conduct_LEGAL.pdf,The dangers of drug abuse in the workplace; b.
total number of drug or alcohol terms mentioned,DH_LEGAL_-_Employee_Standards_of_Conduct_LEGAL.pdf,"The district’s policy of maintaining a drug-free workplace; c. Available drug counseling, rehabilitation, and employee assistance programs; and d. The penalties that may be imposed on employees for drug abuse violations; 3."
total number of drug or alcohol terms mentioned,DH_LEGAL_-_Employee_Standards_of_Conduct_LEGAL.pdf,Notify the district of any criminal drug statute conviction for a violation occurring in the workplace no later than 5 days after the conviction; 5.
total number of drug or alcohol terms mentioned,DH_LEGAL_-_Employee_Standards_of_Conduct_LEGAL.pdf,"Imposing a sanction on, or requiring the satisfactory participa- tion in a drug abuse assistance or rehabilitation program by, any employee who is convicted, as required by 41 U.S.C."
total number of drug or alcohol terms mentioned,DH_LEGAL_-_Employee_Standards_of_Conduct_LEGAL.pdf,Making a good faith effort to continue to maintain a drug-free workplace through implementation of the above requirements.
total number of disciplinary terms mentioned,DH_LOCAL_-_Employee_Standards_of_Conduct_LOCAL.pdf,"Violation of any policies, regulations, or guidelines, including intentionally making a false claim, offering a false statement, or refusing to cooperate with a District investigation, may result in disciplinary action, including ter- mination of employment."
total number of health or treatment terms mentioned,DH_LOCAL_-_Employee_Standards_of_Conduct_LOCAL.pdf,"In accordance with ethical standards applicable to all District em- ployees [see DH(EXHIBIT)], an employee shall be prohibited from using electronic communications in a manner that constitutes pro- hibited harassment or abuse of a District student; adversely affects the student’s learning, mental health, or safety; includes threats of violence against the student; reveals confidential information about the student; or constitutes an inappropriate communication with a student, as described in the Educators’ Code of Ethics."
total number of disciplinary terms mentioned,DH_LOCAL_-_Employee_Standards_of_Conduct_LOCAL.pdf,"If an employee’s use of electronic communication violates state or federal law or District policy, or interferes with the em- ployee’s ability to effectively perform his or her job duties, the em- ployee is subject to disciplinary action, up to and including termina- tion of employment."
total number of disciplinary terms mentioned,DH_LOCAL_-_Employee_Standards_of_Conduct_LOCAL.pdf,"An employee shall be subject to disciplinary action, including termi- nation of employment, if the employee, intentionally or knowingly: •Engages in diversity, equity, and inclusion (DEI) duties."
total number of drug or alcohol terms mentioned,DH_LOCAL_-_Employee_Standards_of_Conduct_LOCAL.pdf,"An employee is also prohibited from possessing or using any type of nicotine product, including nicotine pouches, regardless of whether the product con- tains tobacco, while on District property, in a District vehicle, or while attending an off-campus school-related activity."
total number of drug or alcohol terms mentioned,DH_LOCAL_-_Employee_Standards_of_Conduct_LOCAL.pdf,"As a condition of employment, an employee shall abide by the terms of the following drug-free workplace provisions."
total number of drug or alcohol terms mentioned,DH_LOCAL_-_Employee_Standards_of_Conduct_LOCAL.pdf,"An employee shall notify the Superintendent in writing if the employee is con- victed for a violation of a criminal drug statute occurring in the workplace in accordance with Arrests, Indictments, Convictions, and Other Adjudications, below."
total number of drug or alcohol terms mentioned,DH_LOCAL_-_Employee_Standards_of_Conduct_LOCAL.pdf,"Any controlled substance or dangerous drug as defined by law, including but not limited to marijuana, any narcotic drug, hallucinogen, stimulant, depressant, amphetamine, or barbitu- rate."
total number of drug or alcohol terms mentioned,DH_LOCAL_-_Employee_Standards_of_Conduct_LOCAL.pdf,Alcohol or any alcoholic beverage.
total number of drug or alcohol terms mentioned,DH_LOCAL_-_Employee_Standards_of_Conduct_LOCAL.pdf,"Any other intoxicant or mood-changing, mind-altering, or be- havior-altering drug."
total number of drug or alcohol terms mentioned,DH_LOCAL_-_Employee_Standards_of_Conduct_LOCAL.pdf,An employee need not be legally intoxicated to be considered “un- der the influence” of a controlled substance.
total number of drug or alcohol terms mentioned,DH_LOCAL_-_Employee_Standards_of_Conduct_LOCAL.pdf,"Manufactures, possesses, or dispenses a substance listed above as part of the employee’s job responsibilities; 2."
total number of drug or alcohol terms mentioned,DH_LOCAL_-_Employee_Standards_of_Conduct_LOCAL.pdf,Possesses a controlled substance or drug that a licensed physician has prescribed for the employee’s child or other in- dividual for whom the employee is a legal guardian.
total number of drug or alcohol terms mentioned,DH_LOCAL_-_Employee_Standards_of_Conduct_LOCAL.pdf,An employee who violates these drug-free workplace provisions shall be subject to disciplinary sanctions.
total number of drug or alcohol terms mentioned,DH_LOCAL_-_Employee_Standards_of_Conduct_LOCAL.pdf,Referral to drug and alcohol counseling or rehabilitation pro- grams; 2.
number of times arrest or synonyms are mentioned,DH_LOCAL_-_Employee_Standards_of_Conduct_LOCAL.pdf,"An employee shall notify his or her principal or immediate supervi- sor within three calendar days of any arrest, indictment, conviction, no contest or guilty plea, or other adjudication of the employee for any felony, any offense involving moral turpitude, and any of the other offenses as indicated below: 1."
total number of drug or alcohol terms mentioned,EHAA_LEGAL_-_Basic_Instructional_Program_Required_Instruction_All_Levels__LEGAL.pdf,"Mental health, including instruction about mental health conditions, substance abuse, skills to manage emotions, establishing and maintaining positive relationships, and responsible decision-making; and c. Suicide prevention, including recognizing suicide-related risk factors and warning signs; 3."
total number of health or treatment terms mentioned,EHAA_LEGAL_-_Basic_Instructional_Program_Required_Instruction_All_Levels__LEGAL.pdf,"Mental health education, including education about mental health conditions, mental health well-being, skills to manage emotions, establishing and maintaining positive relationships, and responsible decision-making; 3."
total number of drug or alcohol terms mentioned,EHAA_LEGAL_-_Basic_Instructional_Program_Required_Instruction_All_Levels__LEGAL.pdf,"Substance abuse education, including education about alco- hol abuse, prescription drug abuse, and abuse of other con- trolled substances; 4."
total number of health or treatment terms mentioned,EHAA_LEGAL_-_Basic_Instructional_Program_Required_Instruction_All_Levels__LEGAL.pdf,"If the district requires health education for high school graduation, health education, including physical health education and mental health education, in grades 9 through 12."
total number of health or treatment terms mentioned,EHAA_LEGAL_-_Basic_Instructional_Program_Required_Instruction_All_Levels__LEGAL.pdf,"Policies, procedures, strategies, and curriculum appropriate for specific grade levels designed to prevent physical health concerns, including obesity, cardiovascular disease, Type 2 diabetes, and mental health concerns, including suicide, through coordination of: a."
total number of health or treatment terms mentioned,EHAA_LEGAL_-_Basic_Instructional_Program_Required_Instruction_All_Levels__LEGAL.pdf,"Health education, which must address physical health concerns and mental health concerns to ensure the inte- gration of physical health education and mental health education; b."
total number of health or treatment terms mentioned,EHAA_LEGAL_-_Basic_Instructional_Program_Required_Instruction_All_Levels__LEGAL.pdf,"School health services, including physical health ser- vices and mental health services, if provided at a cam- pus by the district or by a third party under a contract with the district; b."
total number of drug or alcohol terms mentioned,EHAA_LEGAL_-_Basic_Instructional_Program_Required_Instruction_All_Levels__LEGAL.pdf,"Risky behaviors and early warning signs of suicide risks and behavioral health concerns, including mental health disorders and substance use disorders; and b."
total number of drug or alcohol terms mentioned,EHAA_LEGAL_-_Basic_Instructional_Program_Required_Instruction_All_Levels__LEGAL.pdf,"Appropriate grade levels and curriculum for instruction regard- ing the dangers of opioids, including instruction on: a. Opioid addiction and abuse, including addiction to and abuse of synthetic opioids such as fentanyl; and b."
total number of drug or alcohol terms mentioned,EHAA_LEGAL_-_Basic_Instructional_Program_Required_Instruction_All_Levels__LEGAL.pdf,Methods for administering an opioid antagonist; and 8.
total number of disciplinary terms mentioned,EHAA_LEGAL_-_Basic_Instructional_Program_Required_Instruction_All_Levels__LEGAL.pdf,"Remove the student from any part of that instruction without subjecting the student to any disciplinary action, academic penalty, or other sanction imposed by the dis- trict or the student’s school; and c. Use the grievance procedure at FNG or the appeals process under Education Code 7.057 concerning a com- plaint of a violation of Education Code 28.004; 4."
total number of disciplinary terms mentioned,EHAA_LEGAL_-_Basic_Instructional_Program_Required_Instruction_All_Levels__LEGAL.pdf,"Remove the student from any part of the district's in- struction relating to the prevention of child abuse, family violence, dating violence, and sex trafficking without sub- jecting the student to any disciplinary action, academic penalty, or other sanction imposed by the district or the student's school; and c. Use the grievance procedure at FNG or the appeals process under Education Code 7.057 concerning a com- plaint of a violation of Education Code 28.004; 4."
number of times drug and alcohol use prevention programs are mentioned,EHAA_LEGAL_-_Basic_Instructional_Program_Required_Instruction_All_Levels__LEGAL.pdf,"Education Code 28.004(e-2), (j)-(j-2), (q-2) A district must adopt a character education program that includes the following positive character education traits and personal skills: 1."
number of times drug and alcohol use prevention programs are mentioned,EHAA_LEGAL_-_Basic_Instructional_Program_Required_Instruction_All_Levels__LEGAL.pdf,"In developing or selecting a character education program under Education Code 29.906, a district shall consult with a committee selected by the district that consists of parents of district students, educators, and other members of the community, including com- munity leaders."
number of times drug and alcohol use prevention programs are mentioned,EHAC_LEGAL_-_Basic_Instructional_Program_Required_Instruction_Secondary__LEGAL.pdf,19 TAC 74.3(b)(5) A district shall use the parenting and paternity awareness program developed by the SBOE in its high school health curriculum.
total number of drug or alcohol terms mentioned,EHAC_LEGAL_-_Basic_Instructional_Program_Required_Instruction_Secondary__LEGAL.pdf,"Education Code 28.002(p); 19 TAC 74.35(a) A district shall incorporate instruction in the dangers, causes, con- sequences, signs, symptoms, and treatment of binge drinking and alcohol poisoning into any course meeting a requirement for a health education credit."
total number of drug or alcohol terms mentioned,EHAC_LEGAL_-_Basic_Instructional_Program_Required_Instruction_Secondary__LEGAL.pdf,"A district shall choose an evidence-based alcohol awareness pro- gram to use in the district’s middle school, junior high school, and high school health curriculum from a list of programs approved by the commissioner for this purpose."
total number of drug or alcohol terms mentioned,EHAC_LEGAL_-_Basic_Instructional_Program_Required_Instruction_Secondary__LEGAL.pdf,"“Evidence-based alcohol awareness program” means a program, practice, or strategy that has been proven to effectively prevent or delay alcohol use among students, as determined by evaluations that use valid and reliable measures and that are published in peer-reviewed journals."
total number of drug or alcohol terms mentioned,EHAC_LEGAL_-_Basic_Instructional_Program_Required_Instruction_Secondary__LEGAL.pdf,Education Code 28.002(r); 19 TAC 74.35(b) A district shall annually provide research-based instruction related to fentanyl abuse prevention and drug poisoning awareness to stu- dents in grades 6 through 12.
total number of drug or alcohol terms mentioned,EHAC_LEGAL_-_Basic_Instructional_Program_Required_Instruction_Secondary__LEGAL.pdf,"Health education that includes information about substance use and abuse, including youth substance use and abuse."
total number of health or treatment terms mentioned,EHAC_LEGAL_-_Basic_Instructional_Program_Required_Instruction_Secondary__LEGAL.pdf,An organization employing mental health professionals.
total number of drug or alcohol terms mentioned,EL_LEGAL_-_Campus_or_Program_Charters_LEGAL.pdf,Education Code 12.054 A charter shall be in the form and substance of a written contract signed by a board president and the chief operating officer of the campus or program for which the charter is granted.
number of times transfer or referral to juvenile justice program is mentioned,EL_LEGAL_-_Campus_or_Program_Charters_LEGAL.pdf,Education Code 12.057(c) A board may place on probation or revoke a charter it grants if the board determines that the campus or program: 1.
number of times transfer or referral to juvenile justice program is mentioned,EL_LEGAL_-_Campus_or_Program_Charters_LEGAL.pdf,Education Code 12.063 Each board that grants a charter shall adopt a procedure to be used for placing on probation or revoking a charter it grants.
number of times transfer or referral to juvenile justice program is mentioned,EL_LEGAL_-_Campus_or_Program_Charters_LEGAL.pdf,Education Code 12.064Liability Placement on Probation or Revocation Procedure
number of times any other terms are mentioned that relate to disciplinary approaches to student drug and alcohol use,FED_LEGAL_-_Attendance_Attendance_Enforcement_LEGAL.pdf,"Education Code 25.091(a), (b-1) A district shall adopt truancy prevention measures designed to ad- dress student conduct related to truancy in the school setting be- fore the student engages in conduct described by Family Code 65.003 and minimize the need for referrals to truancy court for con- duct described by Family Code 65.003(a)."
number of times restorative justice approaches or synonyms are mentioned,FED_LEGAL_-_Attendance_Attendance_Enforcement_LEGAL.pdf,"Refer the student to counseling, mediation, mentoring, a teen court program, community-based services, or other in-school or out-of-school services aimed at addressing the student’s truancy."
total number of drug or alcohol terms mentioned,FED_LEGAL_-_Attendance_Attendance_Enforcement_LEGAL.pdf,Mental health services; k. Alcohol and substance abuse prevention and treatment programs; l. Mentoring programs and services; m. Juvenile justice services and programs; n. Child welfare services and programs; o.
number of times transfer or referral to juvenile justice program is mentioned,FED_LEGAL_-_Attendance_Attendance_Enforcement_LEGAL.pdf,"One or more juvenile case managers who shall assist the court in administering the court’s juvenile docket and in super- vising the court’s orders in juvenile cases, and may provide prevention services to a child considered at risk of entering the juvenile justice system, and intervention services to juve- niles engaged in misconduct before cases are filed, excluding traffic offenses."
total number of health or treatment terms mentioned,FFB_LEGAL_-_Student_Welfare_Crisis_Intervention_LEGAL.pdf,"Specific interventions, including mental health or behavioral supports; 2."
number of times suspension or synonyms are mentioned,FFB_LEGAL_-_Student_Welfare_Crisis_Intervention_LEGAL.pdf,Out-of-school suspension; or 4.
total number of disciplinary terms mentioned,FFB_LEGAL_-_Student_Welfare_Crisis_Intervention_LEGAL.pdf,The student’s expulsion or removal to a disciplinary alterna- tive education program (DAEP) or a juvenile justice alterna- tive education program (JJAEP).
total number of drug or alcohol terms mentioned,FFB_LEGAL_-_Student_Welfare_Crisis_Intervention_LEGAL.pdf,"The superintendent shall ensure, to the greatest extent practicable, that the members appointed to each team have expertise in coun- seling, behavior management, mental health and substance use, classroom instruction, special education, school administration, school safety and security, emergency management, and law en- forcement."
number of times drug and alcohol use prevention programs are mentioned,FFB_LEGAL_-_Student_Welfare_Crisis_Intervention_LEGAL.pdf,"If a student in a special education program under Education Code Chapter 29, Subchapter A, is the subject of a threat assessment, the team conducting the assessment must include at least one per- son who has specific knowledge of the student's disability and the disability's manifestations and who is: 1."
"number of times health-services staff such as school nurses, social workers, psychologists, or substance use counselors are mentioned",FFB_LEGAL_-_Student_Welfare_Crisis_Intervention_LEGAL.pdf,A clinical or master social worker licensed under Occupations Code Chapter 505; or 4.
"number of times health-services staff such as school nurses, social workers, psychologists, or substance use counselors are mentioned",FFB_LEGAL_-_Student_Welfare_Crisis_Intervention_LEGAL.pdf,A licensed clinical or licensed master social worker; or 6.
total number of drug or alcohol terms mentioned,FFB_LEGAL_-_Student_Welfare_Crisis_Intervention_LEGAL.pdf,"A committee with oversight responsibility must include members with expertise in hu- man resources, education, special education, counseling, behavior management, school administration, mental health and substance use, school safety and security, emergency management, and law enforcement."
total number of health or treatment terms mentioned,FFB_LEGAL_-_Student_Welfare_Crisis_Intervention_LEGAL.pdf,Referring a student for mental health assessment; and b.
total number of health or treatment terms mentioned,FFB_LEGAL_-_Student_Welfare_Crisis_Intervention_LEGAL.pdf,A team may not provide a mental health-care service to a student who is under 18 years of age unless the team obtains written con- sent from the parent of or the person standing in parental relation to the student before providing the mental health-care service.
number of times drug and alcohol use prevention programs are mentioned,FFB_LEGAL_-_Student_Welfare_Crisis_Intervention_LEGAL.pdf,A team identifying a student at risk of suicide shall act in accor- dance with the district’s suicide prevention program.
number of times drug and alcohol use prevention programs are mentioned,FFB_LEGAL_-_Student_Welfare_Crisis_Intervention_LEGAL.pdf,"If the student at risk of suicide also makes a threat of violence to others, the team shall conduct a threat assessment in addition to actions taken in accordance with the district’s suicide prevention program."
total number of drug or alcohol terms mentioned,FFB_LEGAL_-_Student_Welfare_Crisis_Intervention_LEGAL.pdf,"A team identifying a student using or possessing tobacco, drugs, or alcohol shall act in accordance with district policies and procedures related to substance use prevention and intervention."
number of time transfer or referral to disciplinary alternative school is mentioned,FFB_LEGAL_-_Student_Welfare_Crisis_Intervention_LEGAL.pdf,"Education Code 37.115(j-1) [For information regarding the transfer of threat assessment records between school districts, see FD and FDA.]"
total number of disciplinary terms mentioned,FFB_LEGAL_-_Student_Welfare_Crisis_Intervention_LEGAL.pdf,"Any disciplinary action taken, including a change in school placement; b."
total number of health or treatment terms mentioned,FFB_LEGAL_-_Student_Welfare_Crisis_Intervention_LEGAL.pdf,"Any action taken by law enforcement; or c. A referral to or change in counseling, mental health, spe- cial education, or other services; 4."
number of times trauma-informed care or synonyms are mentioned,FFB_LEGAL_-_Student_Welfare_Crisis_Intervention_LEGAL.pdf,"A best-practices program or research-based practice un- der Education Code 38.351 [see FFEB], including the number and percentage of school personnel trained in suicide prevention or grief and trauma-informed prac- tices; b."
total number of health or treatment terms mentioned,FFB_LEGAL_-_Student_Welfare_Crisis_Intervention_LEGAL.pdf,Mental health or psychological first aid for schools; c. Training relating to the safe and supportive school pro- gram; or d. Any other program relating to safety identified by the commissioner.
total number of drug or alcohol terms mentioned,FMA_LEGAL_-_Student_Activities_School-Sponsored_Publications_LEGAL.pdf,"Might reasonably be perceived to advocate drug or alcohol use, irresponsible sex, or conduct otherwise inconsistent with the shared values of a civilized social order."
total number of drug or alcohol terms mentioned,FNAA_LOCAL_-_Student_Expression_Distribution_of_Nonschool_Literature_LOCAL.pdf,"The materials promote illegal use of drugs, alcohol, or other controlled substances."
total number of disciplinary terms mentioned,FNAA_LOCAL_-_Student_Expression_Distribution_of_Nonschool_Literature_LOCAL.pdf,"Failure to comply with this policy regarding distribution of non- school literature shall result in appropriate administrative action, in- cluding but not limited to confiscation of nonconforming materials, suspension of a noncurriculum-related student group’s use of Dis- trict facilities, and/or other disciplinary action in accordance with the Student Code of Conduct."
total number of drug or alcohol terms mentioned,FNCF_LEGAL_-_Student_Conduct_Alcohol_and_Drug_Use_LEGAL.pdf,Edu- cation Code 38.007(a) A board shall attempt to provide a safe alcohol-free environment to students coming to or going from school.
total number of drug or alcohol terms mentioned,FNCF_LEGAL_-_Student_Conduct_Alcohol_and_Drug_Use_LEGAL.pdf,A board may cooperate with local law enforcement officials and the Texas Alcoholic Beverage Commission in attempting to provide this environment and in enforcing the alcohol-free zone provisions in the Alcoholic Beverage Code.
total number of drug or alcohol terms mentioned,FNCF_LEGAL_-_Student_Conduct_Alcohol_and_Drug_Use_LEGAL.pdf,"Education Code 38.007(b) If the majority of the area of a district is located in a municipality with a population of 1.3 million or more, the board may petition the commissioners court of the county in which the district is located or the governing board of an incorporated city or town in which the district is located to adopt a 1,000-foot alcohol-free zone."
total number of disciplinary terms mentioned,FNCF_LEGAL_-_Student_Conduct_Alcohol_and_Drug_Use_LEGAL.pdf,"Health and Safety Code 485.033 Note:For disciplinary consequences associated with the of- fenses above, see FOC and FOD."
number of times expulsion or synonyms is mentioned,FNCG_LEGAL_-_Student_Conduct_Weapons_LEGAL.pdf,"The student must be expelled from the student’s regular campus for a period of at least one year, except that the superin- tendent may modify in writing the length of expulsion in the case of an individual student."
number of times expulsion or synonyms is mentioned,FNCG_LEGAL_-_Student_Conduct_Weapons_LEGAL.pdf,"For expulsion under this provision, “school” means any setting that is under the control and supervision of a district for the purpose of student activities approved and authorized by the district."
total number of drug or alcohol terms mentioned,FNCG_LEGAL_-_Student_Conduct_Weapons_LEGAL.pdf,"A “firearm” means any device designed, made, or adapted to expel a projectile through a barrel by using the energy generated by an explosion or burning substance or any device readily convertible to that use."
total number of drug or alcohol terms mentioned,FNCG_LEGAL_-_Student_Conduct_Weapons_LEGAL.pdf,A zip gun (a device or combination of devices that was not originally a firearm and is adapted to expel a projectile through a smooth-bore or rifled-bore barrel by using the en- ergy generated by an explosion or burning substance).
total number of disciplinary terms mentioned,FOCA_LEGAL_-_Placement_in_a_Disciplinary_Alternative_Education_Setting_Disciplinary_Alternative_Education_Program_Operations_LEGAL.pdf,19 TAC 103.1201(a) [See board-adopted Student Code of Conduct for information re- garding DAEP.]
number of time transfer or referral to disciplinary alternative school is mentioned,FOCA_LEGAL_-_Placement_in_a_Disciplinary_Alternative_Education_Setting_Disciplinary_Alternative_Education_Program_Operations_LEGAL.pdf,"Education Code 37.008(d); 19 TAC 103.1201(d) A DAEP may provide for a student’s transfer to a different campus, a school-community guidance center, or a community-based alter- native school."
number of times drug and alcohol use prevention programs are mentioned,FOCA_LEGAL_-_Placement_in_a_Disciplinary_Alternative_Education_Setting_Disciplinary_Alternative_Education_Program_Operations_LEGAL.pdf,"Education Code 37.008(f) A district shall allocate to a DAEP the same expenditure per stu- dent attending the DAEP that would be allocated to the student’s school if the student were attending the student’s regularly as- signed education program, including a special education program."
number of times transfer or referral to recovery schools are mentioned,FOCA_LEGAL_-_Placement_in_a_Disciplinary_Alternative_Education_Setting_Disciplinary_Alternative_Education_Program_Operations_LEGAL.pdf,Students in the DAEP shall be separated from students in a juve- nile justice alternative education program.
total number of disciplinary terms mentioned,FOCA_LEGAL_-_Placement_in_a_Disciplinary_Alternative_Education_Setting_Disciplinary_Alternative_Education_Program_Operations_LEGAL.pdf,"Each district shall establish a board-approved policy for discipline and intervention measures to prevent and intervene against unsafe behavior and include disciplinary actions that do not jeopardize stu- dents’ physical health and safety, harm emotional well-being, or discourage physical activity."
number of times restorative justice approaches or synonyms are mentioned,FOCA_LEGAL_-_Placement_in_a_Disciplinary_Alternative_Education_Setting_Disciplinary_Alternative_Education_Program_Operations_LEGAL.pdf,"Instruction in social skills and problem-solving skills that ad- dresses diversity, dating violence, anger management, and conflict resolution to teach students how to interact with teachers, family, peers, authority figures, and the general public; and 3."
number of times transfer or referral to juvenile justice program is mentioned,FOCA_LEGAL_-_Placement_in_a_Disciplinary_Alternative_Education_Setting_Disciplinary_Alternative_Education_Program_Operations_LEGAL.pdf,Comparable to any assessment instrument generally ad- ministered to students placed in juvenile justice alterna- tive education programs for a similar purpose; or b.
number of times drug and alcohol use prevention programs are mentioned,FOCA_LEGAL_-_Placement_in_a_Disciplinary_Alternative_Education_Setting_Disciplinary_Alternative_Education_Program_Operations_LEGAL.pdf,"19 TAC 103.1203 A DAEP serving a student with a disability who receives special education services shall provide educational services that will sup- port the student in meeting the goals identified in the individualized education program (IEP) established by a duly-constituted admis- sion, review, and dismissal (ARD) committee, in accordance with Education Code 37.004 and federal requirements."
total number of drug or alcohol terms mentioned,FOCA_LEGAL_-_Placement_in_a_Disciplinary_Alternative_Education_Setting_Disciplinary_Alternative_Education_Program_Operations_LEGAL.pdf,"19 TAC 103.1201(g) A program of educational and support services may be provided to a student and the student’s parents when the offense involves drugs, e-cigarettes, or alcohol as specified under Education Code 37.006 and 37.007."
number of times transfer or referral to recovery schools are mentioned,FOCA_LEGAL_-_Placement_in_a_Disciplinary_Alternative_Education_Setting_Disciplinary_Alternative_Education_Program_Operations_LEGAL.pdf,Education Code 37.008(k) The transition services established for a student who is exiting a DAEP and returning to the student’s locally assigned campus shall be implemented as required by Education Code 37.023.19 TAC 103.1201(k) “Alternative education program” includes: 1.
total number of disciplinary terms mentioned,FOCA_LEGAL_-_Placement_in_a_Disciplinary_Alternative_Education_Setting_Disciplinary_Alternative_Education_Program_Operations_LEGAL.pdf,A disciplinary alternative education program operated by a school district or open-enrollment charter school; 2.
number of times transfer or referral to juvenile justice program is mentioned,FOCA_LEGAL_-_Placement_in_a_Disciplinary_Alternative_Education_Setting_Disciplinary_Alternative_Education_Program_Operations_LEGAL.pdf,A juvenile justice alternative education program; and 3.
number of times transfer or referral to juvenile justice program is mentioned,FOCA_LEGAL_-_Placement_in_a_Disciplinary_Alternative_Education_Setting_Disciplinary_Alternative_Education_Program_Operations_LEGAL.pdf,"A residential program or facility operated by or under contract with the Texas Juvenile Justice Department, a juvenile board, or any other governmental entity."
"number of times health-services staff such as school nurses, social workers, psychologists, or substance use counselors are mentioned",FOCA_LEGAL_-_Placement_in_a_Disciplinary_Alternative_Education_Setting_Disciplinary_Alternative_Education_Program_Operations_LEGAL.pdf,"""Licensed clinical social worker"" has the meaning assigned by Oc- cupations Code 505.002."
number of times transfer or referral to recovery schools are mentioned,FOCA_LEGAL_-_Placement_in_a_Disciplinary_Alternative_Education_Setting_Disciplinary_Alternative_Education_Program_Operations_LEGAL.pdf,An assessment of the student's academic growth while attending the alternative education program; and b.
number of times transfer or referral to recovery schools are mentioned,FOCA_LEGAL_-_Placement_in_a_Disciplinary_Alternative_Education_Setting_Disciplinary_Alternative_Education_Program_Operations_LEGAL.pdf,"Education Code 37.023(b) Not later than five instructional days after the date of a student's re- lease from an alternative education program, the campus adminis- trator shall coordinate the student's transition to a regular class- room."
total number of health or treatment terms mentioned,FOCA_LEGAL_-_Placement_in_a_Disciplinary_Alternative_Education_Setting_Disciplinary_Alternative_Education_Program_Operations_LEGAL.pdf,"Recommendations for assistance for obtaining access to mental health services provided by the district or school, a local mental health authority, or another private or pub- lic entity; and c. A regular review of the student's progress toward the student's academic or career goals."
total number of disciplinary terms mentioned,FOC_LEGAL_-_Student_Discipline_Placement_in_a_Disciplinary_Alternative_Education_Setting_LEGAL.pdf,"Education Code 37.006 [For additional factors that must be considered in each decision concerning suspension, removal to a DAEP, expulsion, or place- ment in a juvenile justice alternative education program (JJAEP), see FO and the Student Code of Conduct.]"
total number of drug or alcohol terms mentioned,FOC_LEGAL_-_Student_Discipline_Placement_in_a_Disciplinary_Alternative_Education_Setting_LEGAL.pdf,"A controlled substance, as defined by the Texas Con- trolled Substances Act, Health and Safety Code Chapter 481, or by 21 U.S.C."
total number of drug or alcohol terms mentioned,FOC_LEGAL_-_Student_Discipline_Placement_in_a_Disciplinary_Alternative_Education_Setting_LEGAL.pdf,"801, et seq., excluding marijuana, as defined by Health and Safety Code 481.002, or tetrahydrocannabinol, as defined by Department of Pub- lic Safety rule; b."
total number of drug or alcohol terms mentioned,FOC_LEGAL_-_Student_Discipline_Placement_in_a_Disciplinary_Alternative_Education_Setting_LEGAL.pdf,"A dangerous drug, as defined by the Texas Dangerous Drug Act, Health and Safety Code Chapter 483."
total number of drug or alcohol terms mentioned,FOC_LEGAL_-_Student_Discipline_Placement_in_a_Disciplinary_Alternative_Education_Setting_LEGAL.pdf,"Possesses, uses, or is under the influence of, or sells, gives, or delivers to another person marijuana or tetrahydrocannabi- nol, as defined above; 5."
total number of drug or alcohol terms mentioned,FOC_LEGAL_-_Student_Discipline_Placement_in_a_Disciplinary_Alternative_Education_Setting_LEGAL.pdf,"Sells, gives, or delivers to another person an alcoholic bever- age, as defined by Alcoholic Beverage Code 1.04, or commits a serious act or offense while under the influence of alcohol, or possesses, uses, or is under the influence of an alcoholic beverage."
number of times transfer or referral to recovery schools are mentioned,FOC_LEGAL_-_Student_Discipline_Placement_in_a_Disciplinary_Alternative_Education_Setting_LEGAL.pdf,Penal Code 22.11 A student shall be removed from class and placed in a DAEP or ju- venile justice alternative education program (JJAEP) if: 1.
number of times transfer or referral to juvenile justice program is mentioned,FOC_LEGAL_-_Student_Discipline_Placement_in_a_Disciplinary_Alternative_Education_Setting_LEGAL.pdf,"The student was convicted of, received adjudication for, or was placed on probation for sexual assault of another student who was a young child or disabled individual while the stu- dents were assigned to the same campus, regardless of whether the assault occurred on or off school property; 2."
number of time transfer or referral to disciplinary alternative school is mentioned,FOC_LEGAL_-_Student_Discipline_Placement_in_a_Disciplinary_Alternative_Education_Setting_LEGAL.pdf,"Education Code 25.0341, 37.0051(a) [See FDE at Sexual Assault Transfer—Transfer of Assailant] A limitation imposed by Education Code Chapter 37 on the length of placement in a DAEP or a JJAEP does not apply to a placement under this provision."
total number of disciplinary terms mentioned,FOC_LEGAL_-_Student_Discipline_Placement_in_a_Disciplinary_Alternative_Education_Setting_LEGAL.pdf,Education Code 37.0052 A student may be removed from class and placed in a disciplinary alternative education program if the student: 1.
total number of disciplinary terms mentioned,FOC_LEGAL_-_Student_Discipline_Placement_in_a_Disciplinary_Alternative_Education_Setting_LEGAL.pdf,"Education Code 37.006(d), (d-1); 37.124(d) A student may be removed from class and placed in a disciplinary alternative education program if the student possesses or uses an e-cigarette, as defined by Health and Safety Code 161.081."
total number of disciplinary terms mentioned,FOC_LEGAL_-_Student_Discipline_Placement_in_a_Disciplinary_Alternative_Education_Setting_LEGAL.pdf,"If a student who possesses or uses an e-cigarette is not placed in a disciplinary alternative education program for the first-time of- fense, the student shall be placed in in-school suspension for a pe- riod of at least 10 school days."
number of times suspension or synonyms are mentioned,FOC_LEGAL_-_Student_Discipline_Placement_in_a_Disciplinary_Alternative_Education_Setting_LEGAL.pdf,"[For requirements related to in- school suspension, see FOB.]"
total number of disciplinary terms mentioned,FOC_LEGAL_-_Student_Discipline_Placement_in_a_Disciplinary_Alternative_Education_Setting_LEGAL.pdf,"Before ordering removal, the CBC must consider whether the stu- dent acted in self-defense, the intent or lack of intent at the time the student engaged in the conduct, the student’s disciplinary his- tory, and whether the student has a disability that substantially im- pairs the student’s capacity to appreciate the wrongfulness of the student’s conduct, regardless of whether the decision of the behav- ior coordinator concerns a mandatory or discretionary action."
total number of disciplinary terms mentioned,FOC_LEGAL_-_Student_Discipline_Placement_in_a_Disciplinary_Alternative_Education_Setting_LEGAL.pdf,"Following the conference, and whether or not each requested per- son is in attendance after valid attempts to require the person’s at- tendance, the CBC, after considering any mitigating factors under Education Code 37.001(a)(4) [see FO], shall order the placement of the student for a period consistent with the Student Code of Conduct."
total number of disciplinary terms mentioned,FOC_LEGAL_-_Student_Discipline_Placement_in_a_Disciplinary_Alternative_Education_Setting_LEGAL.pdf,"Education Code 37.009(a) [See Student Code of Conduct] On the placement of a student in a DAEP, the district shall provide information to the student’s parent or person standing in parental relation to the student regarding the process for requesting a full in- dividual and initial evaluation of the student under Education Code 29.004 [see EHBAA]."
total number of disciplinary terms mentioned,FOC_LEGAL_-_Student_Discipline_Placement_in_a_Disciplinary_Alternative_Education_Setting_LEGAL.pdf,"If the period of placement is inconsistent with the guidelines in the Student Code of Conduct, the order must give notice of the inconsistency."
total number of disciplinary terms mentioned,FOC_LEGAL_-_Student_Discipline_Placement_in_a_Disciplinary_Alternative_Education_Setting_LEGAL.pdf,The student has engaged in serious or persistent misbehavior that violates the Student Code of Conduct.
total number of drug or alcohol terms mentioned,FOC_LEGAL_-_Student_Discipline_Placement_in_a_Disciplinary_Alternative_Education_Setting_LEGAL.pdf,"Education Code 37.006(o) If a DAEP is at capacity at the time a CBC is deciding placement for a student who engaged in conduct described under Education Code 37.006(a)(2)(C-1) (possession or use of marijuana), (C-2) (possession, use, delivery of an e-cigarette), (D) (delivery of alco- hol), or (E) (abuse of volatile chemical), the student shall be placed in in-school suspension; and if a position becomes available in the program before the expiration of the period of the placement, trans- ferred to the program for the remainder of the period."
number of times suspension or synonyms are mentioned,FOC_LEGAL_-_Student_Discipline_Placement_in_a_Disciplinary_Alternative_Education_Setting_LEGAL.pdf,"If a DAEP is at capacity at the time a CBC is deciding placement for a student who engaged in conduct described under Education Code 37.007 that constitutes violent conduct [see below at Deter- mination of Violent Conduct], a student who has been placed in the program for conduct described under Education Code 37.006(a)(2)(C-1), (C-2), (D), or (E) (above) may be removed from the program and placed in in-school suspension to make a position in the program available for the student who engaged in violent conduct."
number of times transfer or referral to juvenile justice program is mentioned,FOC_LEGAL_-_Student_Discipline_Placement_in_a_Disciplinary_Alternative_Education_Setting_LEGAL.pdf,Education Code 37.008(j-1) Unless a board and the juvenile board for the county in which a district’s central administrative office is located have entered into a memorandum of understanding concerning the juvenile probation department’s role in supervising and providing other support ser- vices for students in DAEP programs: 1.
number of times transfer or referral to juvenile justice program is mentioned,FOC_LEGAL_-_Student_Discipline_Placement_in_a_Disciplinary_Alternative_Education_Setting_LEGAL.pdf,"A court may not order a student to attend a DAEP without a district’s consent, until the student has successfully completed any sentencing requirements, if the court has ordered the stu- dent to attend a DAEP as a condition of probation once during a school year and the student is referred to juvenile court again during that school year."
number of times transfer or referral to juvenile justice program is mentioned,FOC_LEGAL_-_Student_Discipline_Placement_in_a_Disciplinary_Alternative_Education_Setting_LEGAL.pdf,"Education Code 37.010(e) After the student has successfully completed any court disposition requirements, including conditions of deferred prosecution or con- ditions required by the prosecutor or probation department, a dis- trict may not refuse to admit the student if the student meets the re- quirements for admission into the public schools."
number of times expulsion or synonyms is mentioned,FOC_LEGAL_-_Student_Discipline_Placement_in_a_Disciplinary_Alternative_Education_Setting_LEGAL.pdf,"Education Code 37.009(e) If, during the term of placement, a student engages in additional conduct for which placement in a DAEP or expulsion is required or permitted, additional proceedings may be conducted and the prin- cipal or board, as appropriate, may enter an additional order."
number of times transfer or referral to juvenile justice program is mentioned,FOD_LEGAL_-_Student_Discipline_Expulsion_LEGAL.pdf,"Education Code 37.007(e)(2), (h) A person who is 21 years of age or older and is admitted by a dis- trict for the purpose of completing the requirements for a diploma is not eligible for placement in a juvenile justice alternative education program (JJAEP) if the person engages in conduct that would re- quire or authorize such placement for a student under the age of 21."
total number of drug or alcohol terms mentioned,FOD_LEGAL_-_Student_Discipline_Expulsion_LEGAL.pdf,"Commits a drug- or alcohol-related offense described at Edu- cation Code 37.006(a)(2)(C), if that conduct is punishable as a felony; 4."
number of times expulsion or synonyms is mentioned,FOD_LEGAL_-_Student_Discipline_Expulsion_LEGAL.pdf,"The student must be expelled from the student’s regular campus for a period of at least one year, except that the superin- tendent may modify in writing the length of expulsion in the case of an individual student."
number of times expulsion or synonyms is mentioned,FOD_LEGAL_-_Student_Discipline_Expulsion_LEGAL.pdf,A district or other local educational agency shall provide educa- tional services to an expelled student in a DAEP if the student is younger than 10 years of age on the date of expulsion.
total number of drug or alcohol terms mentioned,FOD_LEGAL_-_Student_Discipline_Expulsion_LEGAL.pdf,"Marijuana or a controlled substance, as defined by Chapter 481, Health and Safety Code, or by 21 U.S.C."
total number of drug or alcohol terms mentioned,FOD_LEGAL_-_Student_Discipline_Expulsion_LEGAL.pdf,"A dangerous drug, as defined by Chapter 483, Health and Safety Code; or c. An alcoholic beverage, as defined by Section 1.04, Alco- holic Beverage Code."
number of times transfer or referral to juvenile justice program is mentioned,FOD_LEGAL_-_Student_Discipline_Expulsion_LEGAL.pdf,"If the student is expelled, a board or its designee shall refer the student to the authorized officer of the juvenile court for appropriate proceedings under Family Code Title 3 (Juvenile Justice Code)."
total number of disciplinary terms mentioned,FOD_LEGAL_-_Student_Discipline_Expulsion_LEGAL.pdf,"Following the conference, and whether or not each requested per- son is in attendance after valid attempts to require the person’s at- tendance, the CBC, after considering any mitigating factors under Education Code 37.001(a)(4) [see FO], shall order the placement of the student for a period consistent with the Student Code of Conduct."
total number of disciplinary terms mentioned,FOD_LEGAL_-_Student_Discipline_Expulsion_LEGAL.pdf,"Education Code 37.009(a) [See Student Code of Conduct] Before a student may be expelled, a board or its designee shall provide the student a hearing at which the student is afforded ap- propriate due process as required by the federal constitution and which the student’s parent or guardian is invited, in writing, to at- tend."
number of times expulsion or synonyms is mentioned,FOD_LEGAL_-_Student_Discipline_Expulsion_LEGAL.pdf,"The notice should contain a statement of the specific charges and grounds that, if proven, would justify expulsion."
total number of disciplinary terms mentioned,FOD_LEGAL_-_Student_Discipline_Expulsion_LEGAL.pdf,"[See Student Code of Conduct, item 4, at FO(LE- GAL) for additional mitigating factors.]"
total number of disciplinary terms mentioned,FOD_LEGAL_-_Student_Discipline_Expulsion_LEGAL.pdf,"Education Code 37.009(f) If the period of expulsion is inconsistent with the guidelines on length of expulsion in the Student Code of Conduct, the order must give notice of the inconsistency."
number of times expulsion or synonyms is mentioned,FOD_LEGAL_-_Student_Discipline_Expulsion_LEGAL.pdf,The period of expulsion may not exceed one year unless a district determines that: 1.
number of times expulsion or synonyms is mentioned,FOD_LEGAL_-_Student_Discipline_Expulsion_LEGAL.pdf,"Af- ter such notification, the parent or guardian shall provide adequate supervision for the student during the period of expulsion."
number of times expulsion or synonyms is mentioned,FOD_LEGAL_-_Student_Discipline_Expulsion_LEGAL.pdf,"Educa- tion Code 37.009(g)-(h) Not later than the second business day after the date an expulsion hearing is held, a board or its designee shall deliver a copy of the expulsion order and any information required under Family Code 52.04 to the authorized officer of the juvenile court in the county in which the student resides."
number of times expulsion or synonyms is mentioned,FOD_LEGAL_-_Student_Discipline_Expulsion_LEGAL.pdf,"Education Code 37.007(g) If a student withdraws from a district before an order for expulsion is entered, the principal or board, as appropriate, may complete the proceedings and enter an order."
number of times expulsion or synonyms is mentioned,FOD_LEGAL_-_Student_Discipline_Expulsion_LEGAL.pdf,"If the student subsequently enrolls in the district during the same or subsequent school year, the dis- trict may enforce the order at that time except for any period of the expulsion that has been served by the student in another district that honored the order."
number of times expulsion or synonyms is mentioned,FOD_LEGAL_-_Student_Discipline_Expulsion_LEGAL.pdf,"Ed- ucation Code 37.009(i) If, during the term of expulsion, a student engages in additional conduct for which placement in a DAEP or expulsion is required or permitted, additional proceedings may be conducted and the prin- cipal or board, as appropriate, may enter an additional order."
number of times transfer or referral to juvenile justice program is mentioned,FOD_LEGAL_-_Student_Discipline_Expulsion_LEGAL.pdf,"denied, 368 U.S. 930 (1961) A court may not order an expelled student to attend a regular classroom, a regular campus, or a district DAEP as a condition of probation."
number of times transfer or referral to juvenile justice program is mentioned,FOD_LEGAL_-_Student_Discipline_Expulsion_LEGAL.pdf,"A court may order a student to attend a regular classroom, a regu- lar campus, or a district DAEP if the district has entered into a memorandum of understanding (MOU) with the juvenile board for the county in which the district’s central administrative office is lo- cated, concerning the juvenile probation department’s role in su- pervising and providing other support services for students in DAEPs."
number of times expulsion or synonyms is mentioned,FOD_LEGAL_-_Student_Discipline_Expulsion_LEGAL.pdf,"Education Code 37.010(c) In a county that operates a JJAEP, a district is responsible for pro- viding an immediate educational program to a student who en- gages in behavior for which expulsion is permitted but not required under Education Code 37.007, but who is not eligible for admission into the JJAEP in accordance with an MOU."
number of times transfer or referral to juvenile justice program is mentioned,FOD_LEGAL_-_Student_Discipline_Expulsion_LEGAL.pdf,"After an expelled student has successfully completed any court disposition requirements, including conditions of a deferred prose- cution, or conditions required by the prosecutor or probation de- partment, a district may not refuse to admit the student if the stu- dent meets the requirements for admission."
number of times expulsion or synonyms is mentioned,FOD_LEGAL_-_Student_Discipline_Expulsion_LEGAL.pdf,"Education Code 37.010(f) If a student has been expelled from another school district, the ex- pelling district shall provide to a district in which the student enrolls a copy of the expulsion order and the referral to the authorized offi- cer of the juvenile court."
number of times expulsion or synonyms is mentioned,FOD_LEGAL_-_Student_Discipline_Expulsion_LEGAL.pdf,"A district in which the student enrolls may continue the expulsion under the terms of the order, may place the student in a DAEP for the period specified by the expulsion order, or may allow the student to attend regular classes without complet- ing the period of expulsion."
number of times expulsion or synonyms is mentioned,FOD_LEGAL_-_Student_Discipline_Expulsion_LEGAL.pdf,The out-of-state district provides a copy of the expulsion or- der; and 2.
number of times expulsion or synonyms is mentioned,FOD_LEGAL_-_Student_Discipline_Expulsion_LEGAL.pdf,The grounds for the expulsion are also grounds for expulsion in the district in which the student is enrolling.
number of times expulsion or synonyms is mentioned,FOD_LEGAL_-_Student_Discipline_Expulsion_LEGAL.pdf,Education Code 37.010(g-1) Note:See FOF for provisions concerning expulsion of students with disabilities.
number of times expulsion or synonyms is mentioned,FOD_LEGAL_-_Student_Discipline_Expulsion_LEGAL.pdf,The principal or other appropriate administrator may place a stu- dent who has been expelled under Education Code 37.007 or 37.0081 in a virtual expulsion program established by the district and provide virtual instruction and instructional materials for remote learning to the student only if: 1.
total number of disciplinary terms mentioned,FOD_LEGAL_-_Student_Discipline_Expulsion_LEGAL.pdf,"A school district must ensure that, to the extent practicable in a vir- tual setting, the district's virtual expulsion program complies with the requirements for a disciplinary alternative education program under Education Code 37.008."
number of times expulsion or synonyms is mentioned,FOD_LEGAL_-_Student_Discipline_Expulsion_LEGAL.pdf,"[See FOC] If the principal or other appropriate administrator places a student in a virtual expulsion program under this section, the school district shall ensure that the student has suitable computer equipment and internet access and provide the computer equipment and internet access if necessary."
number of times expulsion or synonyms is mentioned,FOD_LEGAL_-_Student_Discipline_Expulsion_LEGAL.pdf,The principal or other appropriate administrator shall review the placement of a student in a virtual expulsion program at least once every 45 school days after the date the placement begins to deter- mine if continued placement in the program is appropriate.
number of times expulsion or synonyms is mentioned,FOD_LEGAL_-_Student_Discipline_Expulsion_LEGAL.pdf,A student placed in a virtual expulsion program shall be counted toward the district's average daily attendance for purposes of re- ceipt of state funds under the Foundation School Program if the district can confirm the student's daily attendance in the virtual ex- pulsion program.
number of times expulsion or synonyms is mentioned,FOD_LEGAL_-_Student_Discipline_Expulsion_LEGAL.pdf,A district may not require a teacher who provides virtual instruction to students in a virtual expulsion program to provide virtual instruc- tion and in-class instruction for a course during the same class pe- riod.
number of times expulsion or synonyms is mentioned,FOD_LEGAL_-_Student_Discipline_Expulsion_LEGAL.pdf,A teacher may not provide instruction for a virtual expulsion program course unless the teacher has completed a professional development course on virtual instruction.
number of times expulsion or synonyms is mentioned,FOD_LEGAL_-_Student_Discipline_Expulsion_LEGAL.pdf,The commissioner of education shall adopt rules requiring districts to provide basic professional development training for teachers providing instruction in a virtual expulsion program.
total number of drug or alcohol terms mentioned,FOF_LEGAL_-_Student_Discipline_Students_with_Disabilities_LEGAL.pdf,104.35(a) A district may take disciplinary action pertaining to the use or pos- session of illegal drugs or alcohol against any student with a dis- ability who is currently engaging in the illegal use of drugs or in the use of alcohol to the same extent that the district would take disci- plinary action against nondisabled students.
total number of disciplinary terms mentioned,FOF_LEGAL_-_Student_Discipline_Students_with_Disabilities_LEGAL.pdf,Any disciplinary action regarding the student shall be deter- mined in accordance with federal law and regulations.
total number of disciplinary terms mentioned,FOF_LEGAL_-_Student_Discipline_Students_with_Disabilities_LEGAL.pdf,"Education Code 37.004(a)-(b) The methods adopted in the Student Code of Conduct [see FO] for discipline management and for preventing and intervening in stu- dent discipline problems must provide that a student who is en- rolled in the special education program may not be disciplined in a manner that results in a change in the student's educational place- ment for bullying, harassment, or making hit lists until an ARD committee meeting has been held to review the conduct."
total number of disciplinary terms mentioned,FOF_LEGAL_-_Student_Discipline_Students_with_Disabilities_LEGAL.pdf,Education Code 37.001(b-1) A student with a disability who receives special education services may not be placed in a disciplinary alternative education program (DAEP) solely for educational purposes.
total number of disciplinary terms mentioned,FOF_LEGAL_-_Student_Discipline_Students_with_Disabilities_LEGAL.pdf,"Education Code 37.004(c)-(d) School personnel may remove a student with a disability who vio- lates a student code of conduct from his or her current placement to an appropriate interim alternative educational setting, another setting, or suspension, for not more than 10 consecutive school days, to the extent those alternatives are applied to children with- out disabilities."
number of times drug and alcohol use prevention programs are mentioned,FOF_LEGAL_-_Student_Discipline_Students_with_Disabilities_LEGAL.pdf,"300.530(b)(1) After a student has been removed from his or her current place- ment for 10 school days in the same school year, during any sub- sequent removal of 10 consecutive school days or less, school per- sonnel, in consultation with at least one of the student’s teachers, shall determine the extent to which services are needed so as to enable the student to continue to participate in the general educa- tion curriculum, although in another setting, and to progress toward meeting the goals set out in the student’s individualized education program (IEP)."
total number of disciplinary terms mentioned,FOF_LEGAL_-_Student_Discipline_Students_with_Disabilities_LEGAL.pdf,1415(k)(1)(H) Any disciplinary action that would constitute a change in placement may be taken only after the student’s ARD committee conducts a manifestation determination review.
total number of disciplinary terms mentioned,FOF_LEGAL_-_Student_Discipline_Students_with_Disabilities_LEGAL.pdf,"Any disciplinary action regarding the student shall be determined in accordance with federal law and regulations, including laws or reg- ulations requiring the provision of functional behavioral assess- ments; positive behavioral interventions, strategies, and supports; behavioral intervention plans; and the manifestation determination review [see Manifestation Determination, below]."
total number of disciplinary terms mentioned,FOF_LEGAL_-_Student_Discipline_Students_with_Disabilities_LEGAL.pdf,"Education Code 37.004(b) If a district takes a disciplinary action regarding a student with a disability who receives special education services that constitutes a change in placement under federal law, the district shall: 1."
total number of disciplinary terms mentioned,FOF_LEGAL_-_Student_Discipline_Students_with_Disabilities_LEGAL.pdf,"Education Code 37.004(b-1) For purposes of disciplinary removal of a student with a disability, a change in placement occurs if a student is: 1."
number of times any other terms are mentioned that relate to disciplinary approaches to student drug and alcohol use,FOF_LEGAL_-_Student_Discipline_Students_with_Disabilities_LEGAL.pdf,300.536 School personnel may consider any unique circumstances on a case-by-case basis when determining whether to order a change in placement for a student who violates a code of student conduct.
total number of disciplinary terms mentioned,FOF_LEGAL_-_Student_Discipline_Students_with_Disabilities_LEGAL.pdf,"300.530(e) If the determination is that the student’s behavior was not a mani- festation of the student’s disability, school personnel may apply the relevant disciplinary procedures to the student in the same manner and for the same duration as for students without disabilities."
number of times expulsion or synonyms is mentioned,FOF_LEGAL_-_Student_Discipline_Students_with_Disabilities_LEGAL.pdf,"300.530(c) In a county with a juvenile justice alternative education program (JJAEP) [see FODA], a district must invite the administrator of the JJAEP or the administrator’s designee to an ARD committee meet- ing convened to discuss the discretionary expulsion under Educa- tion Code 37.007 of a student with a disability."
number of times expulsion or synonyms is mentioned,FOF_LEGAL_-_Student_Discipline_Students_with_Disabilities_LEGAL.pdf,"300.530(d)(1)-(2) For a student with a disability who was expelled under a discre- tionary expulsion under Education Code 37.007, an ARD commit- tee meeting must be convened to reconsider placement of the stu- dent in the JJAEP if the JJAEP provides written notice to the district of specific concerns that the student’s education or behav- ioral needs cannot be met in JJAEP."
total number of drug or alcohol terms mentioned,FOF_LEGAL_-_Student_Discipline_Students_with_Disabilities_LEGAL.pdf,"Knowingly possesses or uses illegal drugs or sells or solicits the sale of a controlled substance while at school, on school premises, or at a school function under the jurisdiction of TEA or a school district; or 3."
total number of disciplinary terms mentioned,FOF_LEGAL_-_Student_Discipline_Students_with_Disabilities_LEGAL.pdf,"If a district reports a crime, the district shall ensure that copies of the special education and disciplinary records of the student are trans- mitted for consideration by the appropriate authorities to whom the district reported the crime."
total number of disciplinary terms mentioned,FOF_LEGAL_-_Student_Discipline_Students_with_Disabilities_LEGAL.pdf,300.535 [See FL] A student who has not been determined to be eligible for special education and related services and who has engaged in behavior that violated a code of student conduct may assert any of the pro- tections provided for in the IDEA if a district had knowledge that the student had a disability before the behavior that precipitated that disciplinary action occurred.
total number of disciplinary terms mentioned,FOF_LEGAL_-_Student_Discipline_Students_with_Disabilities_LEGAL.pdf,"300.534(a) A district shall be deemed to have knowledge that a student has a disability if, before the behavior that precipitated the disciplinary ac- tion occurred: 1."
total number of disciplinary terms mentioned,FOF_LEGAL_-_Student_Discipline_Students_with_Disabilities_LEGAL.pdf,"However, if a request is made for an evaluation during the time pe- riod in which the student is subjected to disciplinary measures, the evaluation shall be conducted in an expedited manner."
number of times suspension or synonyms are mentioned,FOF_LEGAL_-_Student_Discipline_Students_with_Disabilities_LEGAL.pdf,"Until the evaluation is completed, the student shall remain in the educational placement determined by school authorities, which can include suspension or expulsion without educational services."
number of times police or school resource officers are mentioned,FOF_LEGAL_-_Student_Discipline_Students_with_Disabilities_LEGAL.pdf,"Provides, as a school resource officer, a regular police pres- ence on a district campus under a memorandum of under- standing between the district and a local law enforcement agency."
number of times transfer or referral to juvenile justice program is mentioned,FOF_LEGAL_-_Student_Discipline_Students_with_Disabilities_LEGAL.pdf,"Juvenile probation, detention, or corrections personnel; or 3."
number of times police or school resource officers are mentioned,GKA_LEGAL_-_Community_Relations_Conduct_on_School_Premises_LEGAL.pdf,"Education Code 37.107 A school administrator, school resource officer, or school district peace officer may refuse to allow persons to enter on or may eject a person from property under the district's control if the person re- fuses to leave peaceably on request and: 1."
total number of drug or alcohol terms mentioned,GKA_LEGAL_-_Community_Relations_Conduct_on_School_Premises_LEGAL.pdf,Education Code 37.126 A board shall prohibit smoking or using e-cigarettes or tobacco products at a school-related or school-sanctioned activity on or off school property.
total number of drug or alcohol terms mentioned,GKA_LEGAL_-_Community_Relations_Conduct_on_School_Premises_LEGAL.pdf,"7183 A person commits an offense if the person is in possession of a burning tobacco product, smokes tobacco, or operates an e-ciga- rette in a facility of a public school."
total number of drug or alcohol terms mentioned,GKA_LEGAL_-_Community_Relations_Conduct_on_School_Premises_LEGAL.pdf,Edu- cation Code 38.007(a) [See FNCF regarding alcohol-free zones.]
total number of drug or alcohol terms mentioned,AIB_LEGAL_-_Accountability_Performance_Reporting_LEGAL.pdf,The findings that result from evaluations conducted under the Safe and Drug-Free Schools and Communities Act of 1994 (20 U.S.C.
total number of disciplinary terms mentioned,AIB_LEGAL_-_Accountability_Performance_Reporting_LEGAL.pdf,The number of students placed in a disciplinary alternative education program (DAEP) under Education Code Chapter 37.
number of times drug and alcohol use prevention programs are mentioned,AIB_LEGAL_-_Accountability_Performance_Reporting_LEGAL.pdf,The percentage of students in a special education program assessed through alternative assessment instruments; 8.
total number of drug or alcohol terms mentioned,BJCF_LOCAL_-_Superintendent_Nonrenewal_LOCAL.pdf,"Drunkenness or excessive use of alcoholic beverages; or possession, use, or being under the influence of alcohol or al- coholic b everages while on District property, while working in the scope of the employee ’s duties, or while attending any school - or District -sponsored activity."
total number of drug or alcohol terms mentioned,BJCF_LOCAL_-_Superintendent_Nonrenewal_LOCAL.pdf,"The illegal possession, use, manufacture, or distribution of a controlled substance, a drug, a dangerou s drug, hallucino- gens, or other substances regulated by state statutes."
number of times arrest or synonyms are mentioned,BJCF_LOCAL_-_Superintendent_Nonrenewal_LOCAL.pdf,"Failure to report to the Board any arrest, indictment, convic- tion, no contest or guilty plea, or other adjudication fo r any fel- ony, any crime involving moral turpitude, or other offense listed at DH(LOCAL)."
"number of times health-services staff such as school nurses, social workers, psychologists, or substance use counselors are mentioned",CH_LEGAL_-_Purchasing_and_Acquisition_LEGAL.pdf,"Provided in connection with the professional employment or practice of a person who is licensed or registered as a certi- fied public accountant, architect, landscape architect, land surveyor, physician, optometrist, professional engineer, state- certified or state-licensed real estate appraiser, registered nurse, or a forensic analyst or forensic science expert; or 3."
total number of drug or alcohol terms mentioned,CH_LEGAL_-_Purchasing_and_Acquisition_LEGAL.pdf,"A district that purchases or leases an automated external defibrilla- tor (AED), as defined by Health and Safety Code 779.001, shall ensure that the AED meets standards established by the federal Food and Drug Administration."
total number of drug or alcohol terms mentioned,CKEC_LEGAL_-_Security_Personnel_School_Resource_Officers_LEGAL.pdf,"A school resource officer is a peace officer who is assigned by the officer’s employing political subdivision to provide a police pres- ence at a public school, safety or drug education to students of a public school, other similar services."
number of times police or school resource officers are mentioned,CKEC_LEGAL_-_Security_Personnel_School_Resource_Officers_LEGAL.pdf,Occupations Code 1701.601 A peace officer who is a visiting school resource officer in a public school must be licensed as provided by Occupations Code Chap- ter 1701.
number of times police or school resource officers are mentioned,CKEC_LEGAL_-_Security_Personnel_School_Resource_Officers_LEGAL.pdf,"Education Code 37.081(a-2), (a-3), (a-4) A peace officer who is a visiting school resource officer in a public elementary school shall at least once each school year offer to pro- vide instruction to students in a firearms accident prevention pro- gram, as determined by the district."
number of times drug and alcohol use prevention programs are mentioned,CKEC_LEGAL_-_Security_Personnel_School_Resource_Officers_LEGAL.pdf,"A firearms accident prevention program must include the safety message, “Stop!"
number of times drug and alcohol use prevention programs are mentioned,CKEC_LEGAL_-_Security_Personnel_School_Resource_Officers_LEGAL.pdf,Occupations Code 1701.603Definition License Required Memorandum of Understanding Required Cost Allocation Funding Firearms Accident Prevention Program
total number of drug or alcohol terms mentioned,CLB_LEGAL_-_Buildings_Grounds_and_Equipment_Management_Maintenance_LEGAL.pdf,A school lunchroom must comply with state food and drug regula- tions.
number of time transfer or referral to disciplinary alternative school is mentioned,CQC_LEGAL_-_Technology_Resources_Equipment_LEGAL.pdf,Determine that the transfer serves a public purpose and ben- efits the district; 3.
number of time transfer or referral to disciplinary alternative school is mentioned,CQC_LEGAL_-_Technology_Resources_Equipment_LEGAL.pdf,"For the transfer of an electronic device to be used for an edu- cational purpose, install an internet filter that blocks and pro- hibits pornographic or obscene materials or applications, in- cluding from unsolicited pop-ups, installations, and downloads."
total number of health or treatment terms mentioned,CQC_LEGAL_-_Technology_Resources_Equipment_LEGAL.pdf,Ensure software applications do not conduct mental health assessments or other assessments unrelated to educational curricula that are intended to collect information about stu- dents without direct and informed parental consent; 4.
number of time transfer or referral to disciplinary alternative school is mentioned,CQC_LEGAL_-_Technology_Resources_Equipment_LEGAL.pdf,Donations of data processing equipment for transfer under these provisions; and 2.
number of time transfer or referral to disciplinary alternative school is mentioned,CQC_LEGAL_-_Technology_Resources_Equipment_LEGAL.pdf,"Store, transport, or transfer data processing equipment under these provisions."
number of times transfer or referral to treatment programs are mentioned,DAA_LEGAL_-_Employment_Objectives_Equal_Employment_Opportunity_LEGAL.pdf,Section 504 of the Rehabilitation Act of 1973 (Section 504) — dis- ability in programs receiving federal funds.
total number of drug or alcohol terms mentioned,DAA_LEGAL_-_Employment_Objectives_Equal_Employment_Opportunity_LEGAL.pdf,"12114(c), (d); Labor Code 21.002(6)(A) [See DHE] The term “qualified individual with a disability” does not include an individual who is an alcoholic and whose current use of alcohol prevents the employee from performing the duties of his or her job or whose employment, by reason of such current alcohol abuse, would constitute a direct threat to property or the safety of others."
number of times transfer or referral to treatment programs are mentioned,DAA_LEGAL_-_Employment_Objectives_Equal_Employment_Opportunity_LEGAL.pdf,1630.16(e); Labor Code 21.002(6)(B) A district that is subject to the jurisdiction of Title I of the ADA (em- ployment discrimination) or to Section 504 of the Rehabilitation Act (employment discrimination) shall comply with the reasonable ac- commodation requirements of those laws with respect to service animals.
total number of drug or alcohol terms mentioned,DAA_LEGAL_-_Employment_Objectives_Equal_Employment_Opportunity_LEGAL.pdf,A test for the presence of alcohol or illegal drugs is not a genetic test.
total number of drug or alcohol terms mentioned,DAA_LEGAL_-_Employment_Objectives_Equal_Employment_Opportunity_LEGAL.pdf,"However, a test to determine whether an individual has a ge- netic predisposition for alcoholism or drug use is a genetic test."
number of times suspension or synonyms are mentioned,DAA_LEGAL_-_Employment_Objectives_Equal_Employment_Opportunity_LEGAL.pdf,"This may be accomplished by tem- porary suspension of the essential function(s) and the em- ployee performing the remaining functions of their position or, depending on the position, other arrangements, including, but not limited to: the employee performing the remaining func- tions of their position and other functions assigned by the cov- ered entity; the employee performing the functions of a differ- ent job to which the covered entity temporarily transfers or assigns the employee; or the employee being assigned to light duty or modified duty or participating in the covered en- tity’s light or modified duty program."
number of times suspension or synonyms are mentioned,DAA_LEGAL_-_Employment_Objectives_Equal_Employment_Opportunity_LEGAL.pdf,"However, if such employee rejects a reasonable ac- commodation that is necessary to enable the employee to perform an essential function of the position held or desired or to apply for the position, or rejects temporary suspension of an essential func- tion if the employee is qualified under 29 C.F.R."
number of times suspension or synonyms are mentioned,DAA_LEGAL_-_Employment_Objectives_Equal_Employment_Opportunity_LEGAL.pdf,Temporary suspension of essential functions and/or modifica- tions or adjustments that permit the temporary suspension of essential functions.
total number of disciplinary terms mentioned,DAA_LEGAL_-_Employment_Objectives_Equal_Employment_Opportunity_LEGAL.pdf,Taking other disciplinary action against the person.
total number of drug or alcohol terms mentioned,DBAA_LEGAL_-_Employment_Requirements_and_Restrictions_Pre-Employment_Reviews_LEGAL.pdf,Education Code 22A.152-.153 The U.S. Department of Transportation (DOT) operates and main- tains a national clearinghouse for records relating to alcohol and controlled substances testing of commercial motor vehicle operators in order to improve compliance with DOT's alcohol and controlled substances testing program applicable to commercial motor vehicle operators [see DHE] and to enhance the safety of roadways by reducing accidents and injuries involving the misuse of alcohol or use of controlled substances by operators of commer- cial motor vehicles.
total number of drug or alcohol terms mentioned,DBAA_LEGAL_-_Employment_Requirements_and_Restrictions_Pre-Employment_Reviews_LEGAL.pdf,31306a A district must not employ a driver subject to controlled substances and alcohol testing under 49 C.F.R.
total number of drug or alcohol terms mentioned,DBAA_LEGAL_-_Employment_Requirements_and_Restrictions_Pre-Employment_Reviews_LEGAL.pdf,Part 382 to perform a safety- sensitive function without first conducting a pre-employment query of the federal Drug and Alcohol Clearinghouse to obtain informa- tion about the driver’s previous test results.
total number of drug or alcohol terms mentioned,DBAA_LEGAL_-_Employment_Requirements_and_Restrictions_Pre-Employment_Reviews_LEGAL.pdf,A district must conduct a query of the federal Drug and Alcohol Clearinghouse at least once per year for information for all employ- ees subject to controlled substance and alcohol testing under 49 C.F.R.
total number of drug or alcohol terms mentioned,DFBB_LOCAL_-_Term_Contracts_Nonrenewal_LOCAL.pdf,"Drunkenness or excessive use of alcoholic beverages; or possession, use, or being under the influence of alcohol or al- coholic beverages while on District property, while working in the scope of the employee’s duties, or while attending any school- or District-sponsored activity."
total number of drug or alcohol terms mentioned,DFBB_LOCAL_-_Term_Contracts_Nonrenewal_LOCAL.pdf,"The illegal possession, use, manufacture, or distribution of a controlled substance, a drug, a dangerous drug, hallucino- gens, or other substances regulated by state statutes."
total number of health or treatment terms mentioned,DGC_LEGAL_-_Employee_Rights_and_Privileges_Immunity_LEGAL.pdf,"“Professional employee of a district” includes a superintendent; principal; teacher, including a substitute teacher or a teacher em- ployed by a company that contracts with a district to provide the teacher’s services to the district; a supervisor; social worker; school counselor; nurse; teacher’s aide; a student in an education preparation program participating in a field experience or intern- ship; a DPS-certified school bus driver, and any other person whose employment requires certification and the exercise of dis- cretion."
total number of drug or alcohol terms mentioned,DGC_LEGAL_-_Employee_Rights_and_Privileges_Immunity_LEGAL.pdf,"Marijuana or a controlled substance, as defined by the Texas Controlled Substances Act."
total number of drug or alcohol terms mentioned,DGC_LEGAL_-_Employee_Rights_and_Privileges_Immunity_LEGAL.pdf,"A dangerous drug, as defined by the Texas Dangerous Drug Act."
total number of disciplinary terms mentioned,DGC_LEGAL_-_Employee_Rights_and_Privileges_Immunity_LEGAL.pdf,Education Code 38.0041 [See DG regarding protection from disciplinary proceedings] A member of an attendance committee is not personally liable for any act or omission arising out of duties as a member of an atten- dance committee.
total number of disciplinary terms mentioned,DGC_LEGAL_-_Employee_Rights_and_Privileges_Immunity_LEGAL.pdf,"Education Code 25.092(c) A district, a board, and its employees shall be immune from civil li- ability and administrative disciplinary action for damages or injuries resulting from the administration of medication to a student in ac- cordance with Education Code 22.052."
total number of disciplinary terms mentioned,DGC_LEGAL_-_Employee_Rights_and_Privileges_Immunity_LEGAL.pdf,"Gov’t Code 418.006, 437.222 A professional employee of a school district may not be subject to disciplinary proceedings for: 1."
total number of disciplinary terms mentioned,DGC_LEGAL_-_Employee_Rights_and_Privileges_Immunity_LEGAL.pdf,“Disciplinary proceeding” means: 1.
total number of disciplinary terms mentioned,DGC_LEGAL_-_Employee_Rights_and_Privileges_Immunity_LEGAL.pdf,Code 148.003(a)Immunity for Mental Health First Aid Immunity for Shelter Workers Immunity for Disciplinary Actions Liability for Causing Exposure to Pandemic Disease
total number of disciplinary terms mentioned,DHB_LEGAL_-_Employee_Standards_of_Conduct_Reports_to_State_Board_for_Educator_Certification_LEGAL.pdf,"[See AF] The superintendent may notify the State Board for Educator Certifi- cation (SBEC) of any educator misconduct that he or she believes in good faith may be subject to sanctions under 19 Administrative Code, Chapter 249, Disciplinary Proceedings, Sanctions, and Con- tested Cases, and/or Chapter 247, Educators' Code of Ethics."
total number of drug or alcohol terms mentioned,DHB_LEGAL_-_Employee_Standards_of_Conduct_Reports_to_State_Board_for_Educator_Certification_LEGAL.pdf,"The current use by a person of a controlled substance as de- fined by Chapter 481, Health and Safety Code, in a manner or to the extent that the use results in physical, mental, or emo- tional injury to a child; 9."
total number of drug or alcohol terms mentioned,DHB_LEGAL_-_Employee_Standards_of_Conduct_Reports_to_State_Board_for_Educator_Certification_LEGAL.pdf,Providing the student with drugs or alcohol.
total number of drug or alcohol terms mentioned,DHC_LEGAL_-_Employee_Standards_of_Conduct_Reports_to_Texas_Education_Agency_LEGAL.pdf,Providing the student with drugs or alcohol; 10.
total number of drug or alcohol terms mentioned,DHE_LEGAL_-_Employee_Standards_of_Conduct_Searches_and_Alcohol_Drug_Testing_LEGAL.pdf,"Skinner v. Railway Labor Executives Ass’n, 489 U.S. 602 (1989) A district may conduct drug tests, without a warrant and without in- dividualized suspicion, when the test serves special governmental needs that outweigh the individual’s privacy expectation."
total number of drug or alcohol terms mentioned,DHE_LEGAL_-_Employee_Standards_of_Conduct_Searches_and_Alcohol_Drug_Testing_LEGAL.pdf,382.107 A district shall ensure that all alcohol or controlled substances test- ing conducted under 49 C.F.R.
total number of drug or alcohol terms mentioned,DHE_LEGAL_-_Employee_Standards_of_Conduct_Searches_and_Alcohol_Drug_Testing_LEGAL.pdf,Pre-employment controlled substance tests required under 49 C.F.R.
total number of drug or alcohol terms mentioned,DHE_LEGAL_-_Employee_Standards_of_Conduct_Searches_and_Alcohol_Drug_Testing_LEGAL.pdf,Post-accident alcohol or controlled substance tests required under 49 C.F.R.
total number of drug or alcohol terms mentioned,DHE_LEGAL_-_Employee_Standards_of_Conduct_Searches_and_Alcohol_Drug_Testing_LEGAL.pdf,Random alcohol or controlled substances tests required un- der 49 C.F.R.
total number of drug or alcohol terms mentioned,DHE_LEGAL_-_Employee_Standards_of_Conduct_Searches_and_Alcohol_Drug_Testing_LEGAL.pdf,Reasonable suspicion alcohol or controlled substance tests required under 49 C.F.R.
total number of drug or alcohol terms mentioned,DHE_LEGAL_-_Employee_Standards_of_Conduct_Searches_and_Alcohol_Drug_Testing_LEGAL.pdf,Return-to-duty alcohol or controlled substances tests required under 49 C.F.R.
total number of drug or alcohol terms mentioned,DHE_LEGAL_-_Employee_Standards_of_Conduct_Searches_and_Alcohol_Drug_Testing_LEGAL.pdf,Follow-up alcohol or controlled substance tests required un- der 49 C.F.R.
total number of drug or alcohol terms mentioned,DHE_LEGAL_-_Employee_Standards_of_Conduct_Searches_and_Alcohol_Drug_Testing_LEGAL.pdf,382.211 A district is not required to provide an evaluation by a substance abuse professional or any subsequent recommended education or treatment for an employee who has violated a drug and alcohol regulation of the DOT.
total number of drug or alcohol terms mentioned,DHE_LEGAL_-_Employee_Standards_of_Conduct_Searches_and_Alcohol_Drug_Testing_LEGAL.pdf,"However, if a district offers an employee an opportunity to return to a safety-sensitive duty following a violation, the district must, be- fore the employee again performs that duty, ensure that the em- ployee receives an evaluation by a substance abuse professional and that the employee successfully complies with the profes- sional’s evaluation recommendations."
total number of drug or alcohol terms mentioned,DHE_LEGAL_-_Employee_Standards_of_Conduct_Searches_and_Alcohol_Drug_Testing_LEGAL.pdf,"40.289 If a district permits an employee who has violated a DOT drug and alcohol regulation to return to safety-sensitive functions, the district must ensure that the employee takes a return-to-duty test."
total number of drug or alcohol terms mentioned,DHE_LEGAL_-_Employee_Standards_of_Conduct_Searches_and_Alcohol_Drug_Testing_LEGAL.pdf,This test cannot occur until after the substance abuse professional has de- termined that the employee has successfully complied with pre- scribed education and/or treatment.
total number of drug or alcohol terms mentioned,DHE_LEGAL_-_Employee_Standards_of_Conduct_Searches_and_Alcohol_Drug_Testing_LEGAL.pdf,The employee must have a negative drug test result and/or an alcohol test with an alcohol con- centration of less than 0.02 before resuming performance of safety-sensitive duties.
total number of drug or alcohol terms mentioned,DHE_LEGAL_-_Employee_Standards_of_Conduct_Searches_and_Alcohol_Drug_Testing_LEGAL.pdf,The district shall ensure that a copy of these materials is distributed to each driver before the start of alcohol and controlled substances testing under 49 C.F.R.
total number of drug or alcohol terms mentioned,DHE_LEGAL_-_Employee_Standards_of_Conduct_Searches_and_Alcohol_Drug_Testing_LEGAL.pdf,"A valid positive result on an alcohol or drug test performed and whether the specimen producing the result was a dilute specimen, as defined by 49 C.F.R."
total number of drug or alcohol terms mentioned,DHE_LEGAL_-_Employee_Standards_of_Conduct_Searches_and_Alcohol_Drug_Testing_LEGAL.pdf,A refusal to provide a specimen for an alcohol or drug test; or 3.
total number of drug or alcohol terms mentioned,DHE_LEGAL_-_Employee_Standards_of_Conduct_Searches_and_Alcohol_Drug_Testing_LEGAL.pdf,"40.3, on an alcohol or drug test."
total number of disciplinary terms mentioned,DHE_LOCAL_-_Employee_Standards_of_Conduct_Searches_and_Alcohol_Drug_Testing_LOCAL.pdf,Searches that reveal a violation of the District’s standards of conduct may result in disciplinary action.
total number of drug or alcohol terms mentioned,DHE_LOCAL_-_Employee_Standards_of_Conduct_Searches_and_Alcohol_Drug_Testing_LOCAL.pdf,[See DH] The District may remove an employee from duty and require test- ing if there is reasonable suspicion that the employee is under the influence of alcohol or drugs used in violation of District policy.
total number of drug or alcohol terms mentioned,DHE_LOCAL_-_Employee_Standards_of_Conduct_Searches_and_Alcohol_Drug_Testing_LOCAL.pdf,Any e mployee who is asked to submit to drug or alco- hol screening shall be given the opportunity to provide relevant in- formation about prescription or nonprescription medications that may affect the screening.
total number of disciplinary terms mentioned,DHE_LOCAL_-_Employee_Standards_of_Conduct_Searches_and_Alcohol_Drug_Testing_LOCAL.pdf,"A District employee who refus es to comply with a dir ective to sub- mit to testing based upon reasonable suspicion shall be subject to disciplinary action, up to and including termination."
total number of drug or alcohol terms mentioned,DHE_LOCAL_-_Employee_Standards_of_Conduct_Searches_and_Alcohol_Drug_Testing_LOCAL.pdf,A District employee confirmed to have violated the District’s policy pertaining to alcohol or drugs may be subject to disc iplinary action .
total number of drug or alcohol terms mentioned,DHE_LOCAL_-_Employee_Standards_of_Conduct_Searches_and_Alcohol_Drug_Testing_LOCAL.pdf,"In accordance with DOT rules, the District shall estab lish an alco- hol and controlled substances testing program to help prevent ac- cidents and injuries resulting from the misuse of alcohol and con- trolled substances by the drivers of commercial motor vehicles, including school buses."
total number of drug or alcohol terms mentioned,DHE_LOCAL_-_Employee_Standards_of_Conduct_Searches_and_Alcohol_Drug_Testing_LOCAL.pdf,"The Superintendent shall designate a District official who shall be responsible for ensuring that information is disseminated to em- ployees covered under this testi ng program regarding prohibited driver conduct, alcohol and controlled substances tests, and the consequences that follow positive test results."
total number of drug or alcohol terms mentioned,DHE_LOCAL_-_Employee_Standards_of_Conduct_Searches_and_Alcohol_Drug_Testing_LOCAL.pdf,Refusing to submit to a required test for alcohol or controlled substances.
total number of drug or alcohol terms mentioned,DHE_LOCAL_-_Employee_Standards_of_Conduct_Searches_and_Alcohol_Drug_Testing_LOCAL.pdf,"Providing an adulterated, diluted, or a substituted specimen on an alcohol or controlled substances test."
total number of drug or alcohol terms mentioned,DHE_LOCAL_-_Employee_Standards_of_Conduct_Searches_and_Alcohol_Drug_Testing_LOCAL.pdf,"Testing positive for alcohol, at a concentration of 0.04 or above, i n a post -accident test."
total number of drug or alcohol terms mentioned,DHE_LOCAL_-_Employee_Standards_of_Conduct_Searches_and_Alcohol_Drug_Testing_LOCAL.pdf,"Testing positive for alcohol, at a concentration of 0.04 or above, in a random test."
total number of drug or alcohol terms mentioned,DHE_LOCAL_-_Employee_Standards_of_Conduct_Searches_and_Alcohol_Drug_Testing_LOCAL.pdf,"Testing positive f or alcohol, at a concentration of 0.04 or above, in a required follow -up test."
total number of drug or alcohol terms mentioned,DHE_LOCAL_-_Employee_Standards_of_Conduct_Searches_and_Alcohol_Drug_Testing_LOCAL.pdf,"Testing positive for alcohol, at a concentration of 0.04 or above, in a reasonable suspicion test."
total number of drug or alcohol terms mentioned,DHE_LOCAL_-_Employee_Standards_of_Conduct_Searches_and_Alcohol_Drug_Testing_LOCAL.pdf,"An employee who operates a commercial motor vehicle, including a bus, and commits a drug -related DOT violation as defined above may be reinstated as a driver if he or she successfully co mpletes a return -to-duty test."
total number of drug or alcohol terms mentioned,DHE_LOCAL_-_Employee_Standards_of_Conduct_Searches_and_Alcohol_Drug_Testing_LOCAL.pdf,"In accordance with DOT rules, a driver tested under this policy and found to have an alcohol concentration of 0.02 or greater, but less than 0.04, shall be suspended from driving duties for at least 24 hours."
total number of drug or alcohol terms mentioned,DHE_LOCAL_-_Employee_Standards_of_Conduct_Searches_and_Alcohol_Drug_Testing_LOCAL.pdf,"[In the event of a subsequent positive test result for alcohol of 0.02 or greater but less than 0.04, see the disciplinary consequences at District -Imposed Consequences, below.]"
total number of drug or alcohol terms mentioned,DHE_LOCAL_-_Employee_Standards_of_Conduct_Searches_and_Alcohol_Drug_Testing_LOCAL.pdf,"Within 24 hours of the ob- served behavior, the sup ervisor shall provide a signed, written rec- ord documenting the observations leading to a controlled substance reasonable suspicion test."
total number of drug or alcohol terms mentioned,DHE_LOCAL_-_Employee_Standards_of_Conduct_Searches_and_Alcohol_Drug_Testing_LOCAL.pdf,"In addition to the consequences established by federal law, a Dis- trict employee confirmed to have violated the District’s policy per- taining to alcohol or controlled substances, including a second or subsequent positive test result for alcohol of 0.02 or greater but less than 0.04, shall be subject to District -imposed discipline, as determined by his or her supervisor and the Superintendent."
number of times suspension or synonyms are mentioned,DHE_LOCAL_-_Employee_Standards_of_Conduct_Searches_and_Alcohol_Drug_Testing_LOCAL.pdf,"Such discipline may include any appropriate action from suspension without pay during the period of removal from safety -sensitive func- tions, up to and including termination of employment."
total number of drug or alcohol terms mentioned,DHE_LOCAL_-_Employee_Standards_of_Conduct_Searches_and_Alcohol_Drug_Testing_LOCAL.pdf,"[See DF se- ries] In cases where a driver is also employed in a nondriving capacity by the District, disciplinary action imposed for violation of alcohol and controlled substances policies shall apply to the employee’s functions and duties that involve driving."
total number of disciplinary terms mentioned,DHE_LOCAL_-_Employee_Standards_of_Conduct_Searches_and_Alcohol_Drug_Testing_LOCAL.pdf,"Additionally, u pon recom- mendation of the employee’s supervisor, disciplinary measures up to and including termination of employment with the District may be considered."
total number of disciplinary terms mentioned,DH_EXHIBIT_-_Employee_Standards_of_Conduct_EXHIBIT.pdf,"The educator shall not intentionally, knowingly, or recklessly misrepres ent his or her employment history, criminal history, and/or disciplinary record when applying for sub- sequent employment."
total number of drug or alcohol terms mentioned,DH_EXHIBIT_-_Employee_Standards_of_Conduct_EXHIBIT.pdf,The educator shall not be under the influence of alcohol or consume alcoholic beverages on school property or during school activities when students are present.
total number of disciplinary terms mentioned,DH_EXHIBIT_-_Employee_Standards_of_Conduct_EXHIBIT.pdf,The educator shall not retaliate against any in dividual who has filed a com- plaint with the SBEC or who provides information for a disciplinary investigation or proceed- ing under this chapter.
total number of health or treatment terms mentioned,DH_EXHIBIT_-_Employee_Standards_of_Conduct_EXHIBIT.pdf,"The educator shall not intentionally, knowingly, o r recklessly treat a student or minor in a manner that adversely affects or endangers the learning, physical health, mental health, or safety of the student or minor."
total number of drug or alcohol terms mentioned,DH_EXHIBIT_-_Employee_Standards_of_Conduct_EXHIBIT.pdf,The educator shall not furnish alcohol or illegal/unauthorized drugs to any per- son under 21 years of age unless the educator is a parent or guardian of that child or know- ingly allow any person under 21 years of age unless the educator is a parent or guardian of that child to consume alcohol or illegal/unauthorized drugs in the presence of the educator.
total number of health or treatment terms mentioned,DH_LEGAL_-_Employee_Standards_of_Conduct_LEGAL.pdf,"Education Code 21.041(b)(8); 19 TAC 247.1(b), (c) Any person who has reasonable cause to believe that a child’s physical or mental health or welfare has been adversely affected by abuse or neglect by any person shall immediately make a report as required by law."
number of time transfer or referral to disciplinary alternative school is mentioned,DH_LEGAL_-_Employee_Standards_of_Conduct_LEGAL.pdf,Forward or transfer the public information to the district or a district server to be preserved as provided by Government Code 552.004(a); or 2.
total number of drug or alcohol terms mentioned,DH_LEGAL_-_Employee_Standards_of_Conduct_LEGAL.pdf,Edu- cation Code 38.007(a) A district that receives a direct federal grant must agree to provide a drug-free workplace by: 1.
total number of drug or alcohol terms mentioned,DH_LEGAL_-_Employee_Standards_of_Conduct_LEGAL.pdf,"Publishing a statement notifying employees that the unlawful manufacture, distribution, dispensation, possession, or use of a controlled substance is prohibited in the district’s workplace and specifying the actions that will be taken against employ- ees for violations of the prohibition; 2."
total number of drug or alcohol terms mentioned,DH_LEGAL_-_Employee_Standards_of_Conduct_LEGAL.pdf,Establishing a drug-free awareness program to inform em- ployees about: a.
total number of drug or alcohol terms mentioned,DH_LEGAL_-_Employee_Standards_of_Conduct_LEGAL.pdf,The dangers of drug abuse in the workplace; b.
total number of drug or alcohol terms mentioned,DH_LEGAL_-_Employee_Standards_of_Conduct_LEGAL.pdf,"The district’s policy of maintaining a drug-free workplace; c. Available drug counseling, rehabilitation, and employee assistance programs; and d. The penalties that may be imposed on employees for drug abuse violations; 3."
total number of drug or alcohol terms mentioned,DH_LEGAL_-_Employee_Standards_of_Conduct_LEGAL.pdf,Notify the district of any criminal drug statute conviction for a violation occurring in the workplace no later than 5 days after the conviction; 5.
total number of drug or alcohol terms mentioned,DH_LEGAL_-_Employee_Standards_of_Conduct_LEGAL.pdf,"Imposing a sanction on, or requiring the satisfactory participa- tion in a drug abuse assistance or rehabilitation program by, any employee who is convicted, as required by 41 U.S.C."
total number of drug or alcohol terms mentioned,DH_LEGAL_-_Employee_Standards_of_Conduct_LEGAL.pdf,Making a good faith effort to continue to maintain a drug-free workplace through implementation of the above requirements.
total number of disciplinary terms mentioned,DH_LOCAL_-_Employee_Standards_of_Conduct_LOCAL.pdf,"Violation of any policies, regulations, or guidelines, including intentionally making a false claim, offering a false statement, or refusing to cooperate with a District investigation, may result in disciplinary action, including ter- mination of employment."
total number of health or treatment terms mentioned,DH_LOCAL_-_Employee_Standards_of_Conduct_LOCAL.pdf,"In accordance with ethical standards applicable to all District em- ployees [see DH(EXHIBIT)], an employee shall be prohibited from using electronic communications in a manner that constitutes pro- hibited harassment or abuse of a District student; adversely affects the student’s learning, mental health, or safety; includes threats of violence against the student; reveals confidential information about the student; or constitutes an inappropriate communication with a student, as described in the Educators’ Code of Ethics."
total number of disciplinary terms mentioned,DH_LOCAL_-_Employee_Standards_of_Conduct_LOCAL.pdf,"If an employee’s use of electronic communication violates state or federal law or District policy, or interferes with the em- ployee’s ability to effectively perform his or her job duties, the em- ployee is subject to disciplinary action, up to and including termina- tion of employment."
total number of disciplinary terms mentioned,DH_LOCAL_-_Employee_Standards_of_Conduct_LOCAL.pdf,"An employee shall be subject to disciplinary action, including termi- nation of employment, if the employee, intentionally or knowingly: •Engages in diversity, equity, and inclusion (DEI) duties."
total number of drug or alcohol terms mentioned,DH_LOCAL_-_Employee_Standards_of_Conduct_LOCAL.pdf,"An employee is also prohibited from possessing or using any type of nicotine product, including nicotine pouches, regardless of whether the product con- tains tobacco, while on District property, in a District vehicle, or while attending an off-campus school-related activity."
total number of drug or alcohol terms mentioned,DH_LOCAL_-_Employee_Standards_of_Conduct_LOCAL.pdf,"As a condition of employment, an employee shall abide by the terms of the following drug-free workplace provisions."
total number of drug or alcohol terms mentioned,DH_LOCAL_-_Employee_Standards_of_Conduct_LOCAL.pdf,"An employee shall notify the Superintendent in writing if the employee is con- victed for a violation of a criminal drug statute occurring in the workplace in accordance with Arrests, Indictments, Convictions, and Other Adjudications, below."
total number of drug or alcohol terms mentioned,DH_LOCAL_-_Employee_Standards_of_Conduct_LOCAL.pdf,"Any controlled substance or dangerous drug as defined by law, including but not limited to marijuana, any narcotic drug, hallucinogen, stimulant, depressant, amphetamine, or barbitu- rate."
total number of drug or alcohol terms mentioned,DH_LOCAL_-_Employee_Standards_of_Conduct_LOCAL.pdf,Alcohol or any alcoholic beverage.
total number of drug or alcohol terms mentioned,DH_LOCAL_-_Employee_Standards_of_Conduct_LOCAL.pdf,"Any other intoxicant or mood-changing, mind-altering, or be- havior-altering drug."
total number of drug or alcohol terms mentioned,DH_LOCAL_-_Employee_Standards_of_Conduct_LOCAL.pdf,An employee need not be legally intoxicated to be considered “un- der the influence” of a controlled substance.
total number of drug or alcohol terms mentioned,DH_LOCAL_-_Employee_Standards_of_Conduct_LOCAL.pdf,"Manufactures, possesses, or dispenses a substance listed above as part of the employee’s job responsibilities; 2."
total number of drug or alcohol terms mentioned,DH_LOCAL_-_Employee_Standards_of_Conduct_LOCAL.pdf,Possesses a controlled substance or drug that a licensed physician has prescribed for the employee’s child or other in- dividual for whom the employee is a legal guardian.
total number of drug or alcohol terms mentioned,DH_LOCAL_-_Employee_Standards_of_Conduct_LOCAL.pdf,An employee who violates these drug-free workplace provisions shall be subject to disciplinary sanctions.
total number of drug or alcohol terms mentioned,DH_LOCAL_-_Employee_Standards_of_Conduct_LOCAL.pdf,Referral to drug and alcohol counseling or rehabilitation pro- grams; 2.
number of times arrest or synonyms are mentioned,DH_LOCAL_-_Employee_Standards_of_Conduct_LOCAL.pdf,"An employee shall notify his or her principal or immediate supervi- sor within three calendar days of any arrest, indictment, conviction, no contest or guilty plea, or other adjudication of the employee for any felony, any offense involving moral turpitude, and any of the other offenses as indicated below: 1."
total number of drug or alcohol terms mentioned,EHAA_LEGAL_-_Basic_Instructional_Program_Required_Instruction_All_Levels__LEGAL.pdf,"Mental health, including instruction about mental health conditions, substance abuse, skills to manage emotions, establishing and maintaining positive relationships, and responsible decision-making; and c. Suicide prevention, including recognizing suicide-related risk factors and warning signs; 3."
total number of health or treatment terms mentioned,EHAA_LEGAL_-_Basic_Instructional_Program_Required_Instruction_All_Levels__LEGAL.pdf,"Mental health education, including education about mental health conditions, mental health well-being, skills to manage emotions, establishing and maintaining positive relationships, and responsible decision-making; 3."
total number of drug or alcohol terms mentioned,EHAA_LEGAL_-_Basic_Instructional_Program_Required_Instruction_All_Levels__LEGAL.pdf,"Substance abuse education, including education about alco- hol abuse, prescription drug abuse, and abuse of other con- trolled substances; 4."
total number of health or treatment terms mentioned,EHAA_LEGAL_-_Basic_Instructional_Program_Required_Instruction_All_Levels__LEGAL.pdf,"If the district requires health education for high school graduation, health education, including physical health education and mental health education, in grades 9 through 12."
total number of health or treatment terms mentioned,EHAA_LEGAL_-_Basic_Instructional_Program_Required_Instruction_All_Levels__LEGAL.pdf,"Policies, procedures, strategies, and curriculum appropriate for specific grade levels designed to prevent physical health concerns, including obesity, cardiovascular disease, Type 2 diabetes, and mental health concerns, including suicide, through coordination of: a."
total number of health or treatment terms mentioned,EHAA_LEGAL_-_Basic_Instructional_Program_Required_Instruction_All_Levels__LEGAL.pdf,"Health education, which must address physical health concerns and mental health concerns to ensure the inte- gration of physical health education and mental health education; b."
total number of health or treatment terms mentioned,EHAA_LEGAL_-_Basic_Instructional_Program_Required_Instruction_All_Levels__LEGAL.pdf,"School health services, including physical health ser- vices and mental health services, if provided at a cam- pus by the district or by a third party under a contract with the district; b."
total number of drug or alcohol terms mentioned,EHAA_LEGAL_-_Basic_Instructional_Program_Required_Instruction_All_Levels__LEGAL.pdf,"Risky behaviors and early warning signs of suicide risks and behavioral health concerns, including mental health disorders and substance use disorders; and b."
total number of drug or alcohol terms mentioned,EHAA_LEGAL_-_Basic_Instructional_Program_Required_Instruction_All_Levels__LEGAL.pdf,"Appropriate grade levels and curriculum for instruction regard- ing the dangers of opioids, including instruction on: a. Opioid addiction and abuse, including addiction to and abuse of synthetic opioids such as fentanyl; and b."
total number of drug or alcohol terms mentioned,EHAA_LEGAL_-_Basic_Instructional_Program_Required_Instruction_All_Levels__LEGAL.pdf,Methods for administering an opioid antagonist; and 8.
total number of disciplinary terms mentioned,EHAA_LEGAL_-_Basic_Instructional_Program_Required_Instruction_All_Levels__LEGAL.pdf,"Remove the student from any part of that instruction without subjecting the student to any disciplinary action, academic penalty, or other sanction imposed by the dis- trict or the student’s school; and c. Use the grievance procedure at FNG or the appeals process under Education Code 7.057 concerning a com- plaint of a violation of Education Code 28.004; 4."
total number of disciplinary terms mentioned,EHAA_LEGAL_-_Basic_Instructional_Program_Required_Instruction_All_Levels__LEGAL.pdf,"Remove the student from any part of the district's in- struction relating to the prevention of child abuse, family violence, dating violence, and sex trafficking without sub- jecting the student to any disciplinary action, academic penalty, or other sanction imposed by the district or the student's school; and c. Use the grievance procedure at FNG or the appeals process under Education Code 7.057 concerning a com- plaint of a violation of Education Code 28.004; 4."
number of times drug and alcohol use prevention programs are mentioned,EHAA_LEGAL_-_Basic_Instructional_Program_Required_Instruction_All_Levels__LEGAL.pdf,"Education Code 28.004(e-2), (j)-(j-2), (q-2) A district must adopt a character education program that includes the following positive character education traits and personal skills: 1."
number of times drug and alcohol use prevention programs are mentioned,EHAA_LEGAL_-_Basic_Instructional_Program_Required_Instruction_All_Levels__LEGAL.pdf,"In developing or selecting a character education program under Education Code 29.906, a district shall consult with a committee selected by the district that consists of parents of district students, educators, and other members of the community, including com- munity leaders."
number of times drug and alcohol use prevention programs are mentioned,EHAC_LEGAL_-_Basic_Instructional_Program_Required_Instruction_Secondary__LEGAL.pdf,19 TAC 74.3(b)(5) A district shall use the parenting and paternity awareness program developed by the SBOE in its high school health curriculum.
total number of drug or alcohol terms mentioned,EHAC_LEGAL_-_Basic_Instructional_Program_Required_Instruction_Secondary__LEGAL.pdf,"Education Code 28.002(p); 19 TAC 74.35(a) A district shall incorporate instruction in the dangers, causes, con- sequences, signs, symptoms, and treatment of binge drinking and alcohol poisoning into any course meeting a requirement for a health education credit."
total number of drug or alcohol terms mentioned,EHAC_LEGAL_-_Basic_Instructional_Program_Required_Instruction_Secondary__LEGAL.pdf,"A district shall choose an evidence-based alcohol awareness pro- gram to use in the district’s middle school, junior high school, and high school health curriculum from a list of programs approved by the commissioner for this purpose."
total number of drug or alcohol terms mentioned,EHAC_LEGAL_-_Basic_Instructional_Program_Required_Instruction_Secondary__LEGAL.pdf,"“Evidence-based alcohol awareness program” means a program, practice, or strategy that has been proven to effectively prevent or delay alcohol use among students, as determined by evaluations that use valid and reliable measures and that are published in peer-reviewed journals."
total number of drug or alcohol terms mentioned,EHAC_LEGAL_-_Basic_Instructional_Program_Required_Instruction_Secondary__LEGAL.pdf,Education Code 28.002(r); 19 TAC 74.35(b) A district shall annually provide research-based instruction related to fentanyl abuse prevention and drug poisoning awareness to stu- dents in grades 6 through 12.
total number of drug or alcohol terms mentioned,EHAC_LEGAL_-_Basic_Instructional_Program_Required_Instruction_Secondary__LEGAL.pdf,"Health education that includes information about substance use and abuse, including youth substance use and abuse."
total number of health or treatment terms mentioned,EHAC_LEGAL_-_Basic_Instructional_Program_Required_Instruction_Secondary__LEGAL.pdf,An organization employing mental health professionals.
total number of drug or alcohol terms mentioned,EHBK_LEGAL_-_Special_Programs_Other_Instructional_Initiatives_LEGAL.pdf,"Gov’t Code 662.111 To educate students about the dangers posed by the drug fentanyl and the risks of fentanyl poisoning, including overdose, the gover- nor shall designate a week to be known as Fentanyl Poisoning Awareness Week in public schools."
total number of drug or alcohol terms mentioned,FFAC_LEGAL_-_Wellness_and_Health_Services_Medical_Treatment_LEGAL.pdf,"Consents to examination and treatment for drug or chemical addiction, drug or chemical dependency, or any other condi- tion directly related to drug or chemical use."
total number of disciplinary terms mentioned,FFAC_LEGAL_-_Wellness_and_Health_Services_Medical_Treatment_LEGAL.pdf,"1 TAC 354.1432(5) Upon adoption of policies concerning the administration of medication to students by district employees, the district, its board, and its employees are immune from civil liability and administrative disciplinary action for damages or injuries resulting from the administration of medication to a student if: 1."
"number of times health-services staff such as school nurses, social workers, psychologists, or substance use counselors are mentioned",FFAC_LEGAL_-_Wellness_and_Health_Services_Medical_Treatment_LEGAL.pdf,"From a properly labeled unit dosage container filled by a registered nurse or another qualified district employee, as determined by district policy, from a container that ap- pears to be the original container and to be properly la- beled."
"number of times health-services staff such as school nurses, social workers, psychologists, or substance use counselors are mentioned",FFAC_LEGAL_-_Wellness_and_Health_Services_Medical_Treatment_LEGAL.pdf,"A policy adopted concerning the administration of medication to students by district employees may permit a district employee, in- cluding a nurse, to administer nonprescription medication to a stu- dent without further authorization or written protocol from the stu- dent's health-care provider if: 1."
"number of times health-services staff such as school nurses, social workers, psychologists, or substance use counselors are mentioned",FFAC_LEGAL_-_Wellness_and_Health_Services_Medical_Treatment_LEGAL.pdf,"If a district provides liability insurance for a licensed physician or registered nurse who provides volunteer services to the district, a board may allow the physician or nurse to administer to any stu- dent nonprescription medication or medication currently prescribed for the student by the student’s health-care provider."
total number of health or treatment terms mentioned,FFAC_LEGAL_-_Wellness_and_Health_Services_Medical_Treatment_LEGAL.pdf,"The student has demonstrated to the student’s physician or other licensed health-care provider and the school nurse, if available, the skill level necessary to self-administer the pre- scription medication, including the use of any device required to administer the medication; 3."
total number of health or treatment terms mentioned,FFAC_LEGAL_-_Wellness_and_Health_Services_Medical_Treatment_LEGAL.pdf,"The physician’s statement must be kept on file in the school nurse’s office, or, if there is no school nurse, in the office of the principal of the school the student attends."
total number of drug or alcohol terms mentioned,FFAC_LEGAL_-_Wellness_and_Health_Services_Medical_Treatment_LEGAL.pdf,Education Code 38.015 A student may possess and use a topical sunscreen product while on school property or at a school-related event or activity to avoid overexposure to the sun and not for the medical treatment of an in- jury or illness if the product is approved by the federal Food and Drug Administration for over-the-counter use.
total number of drug or alcohol terms mentioned,FFAC_LEGAL_-_Wellness_and_Health_Services_Medical_Treatment_LEGAL.pdf,"Education Code 38.011(a), (c) An employee of a district is prohibited from requiring a child to ob- tain a prescription for a substance covered under the federal Con- trolled Substances Act (21 U.S.C."
total number of drug or alcohol terms mentioned,FFAC_LEGAL_-_Wellness_and_Health_Services_Medical_Treatment_LEGAL.pdf,"Health and Safety Code 488.005 Each district shall adopt and implement a policy regarding the maintenance, administration, and disposal of opioid antagonists at each campus in the district that serves students in grades 6 through 12 and may adopt and implement such a policy at each campus in the district, including campuses serving students in a grade level below grade 6."
total number of drug or alcohol terms mentioned,FFAC_LEGAL_-_Wellness_and_Health_Services_Medical_Treatment_LEGAL.pdf,Provide that school personnel and school volunteers who are authorized and trained may administer an opioid antagonist to a person who is reasonably believed to be experiencing an opioid-related drug overdose; 2.
total number of drug or alcohol terms mentioned,FFAC_LEGAL_-_Wellness_and_Health_Services_Medical_Treatment_LEGAL.pdf,Establish the number of opioid antagonists that must be avail- able at each campus at any given time; and 4.
total number of drug or alcohol terms mentioned,FFAC_LEGAL_-_Wellness_and_Health_Services_Medical_Treatment_LEGAL.pdf,Require that the supply of opioid antagonists at each school campus subject to a policy adopted under this provision must be stored in a secure location and be easily accessible to school personnel and school volunteers authorized and trained to administer an opioid antagonist.
total number of drug or alcohol terms mentioned,FFAC_LEGAL_-_Wellness_and_Health_Services_Medical_Treatment_LEGAL.pdf,"“Opioid antagonist” as defined in Health and Safety Code 483.101, means any drug that binds to opioid receptors and blocks or other- wise inhibits the effects of opioids acting on those receptors."
total number of drug or alcohol terms mentioned,FFAC_LEGAL_-_Wellness_and_Health_Services_Medical_Treatment_LEGAL.pdf,"“Opioid-related drug overdose” as defined in Health and Safety Code 483.101, means a condition, evidenced by symptoms of ex- treme physical illness, decreased level of consciousness, constric- tion of the pupils, respiratory depression, or coma, that a layperson would reasonably believe to be the result of the consumption or use of an opioid."
total number of drug or alcohol terms mentioned,FFAC_LEGAL_-_Wellness_and_Health_Services_Medical_Treatment_LEGAL.pdf,"25 TAC 40.82(2)-(3), (5)-(6) Once a district adopts an opioid antagonist medication policy, a campus implementing an opioid policy must stock opioid antago- nist medication."
total number of drug or alcohol terms mentioned,FFAC_LEGAL_-_Wellness_and_Health_Services_Medical_Treatment_LEGAL.pdf,"A campus must obtain a prescription from a physician or a person who has been delegated prescriptive authority to stock, possess, and maintain the established number of doses of opioid antago- nists as determined by a district, on each campus as described in Education Code 38.225 (Prescription of Opioid Antagonists)."
total number of drug or alcohol terms mentioned,FFAC_LEGAL_-_Wellness_and_Health_Services_Medical_Treatment_LEGAL.pdf,25 TAC 40.85(a)-(b) A physician or person who has been delegated prescriptive author- ity under Occupations Code Chapter 157 may prescribe opioid an- tagonists in the name of a school district.
total number of drug or alcohol terms mentioned,FFAC_LEGAL_-_Wellness_and_Health_Services_Medical_Treatment_LEGAL.pdf,"Education Code 38.225(a); 25 TAC 40.85(c) The unassigned opioid antagonist medication must be stored in a secure location and be easily accessible, in accordance with the manufacturer's guidelines and local policy of the district."
total number of drug or alcohol terms mentioned,FFAC_LEGAL_-_Wellness_and_Health_Services_Medical_Treatment_LEGAL.pdf,"Used, unassigned opioid antagonists are considered infectious waste and must be disposed of according to the school’s blood- borne pathogen control policy."
total number of drug or alcohol terms mentioned,FFAC_LEGAL_-_Wellness_and_Health_Services_Medical_Treatment_LEGAL.pdf,"Expired, unassigned opioid antagonists must be disposed of in ac- cordance with the Federal Drug Administration’s disposal of un- used medications guidelines and local policy of the district."
total number of drug or alcohol terms mentioned,FFAC_LEGAL_-_Wellness_and_Health_Services_Medical_Treatment_LEGAL.pdf,25 TAC 40.85(d)-(f) The campus must submit the report no later than the 10th business day after the date a school personnel member or school volunteer administers an opioid antagonist in accordance with the unas- signed opioid antagonist medication policy.
total number of drug or alcohol terms mentioned,FFAC_LEGAL_-_Wellness_and_Health_Services_Medical_Treatment_LEGAL.pdf,The physician or other person who prescribed the opioid an- tagonist; and 3.
total number of drug or alcohol terms mentioned,FFAC_LEGAL_-_Wellness_and_Health_Services_Medical_Treatment_LEGAL.pdf,"Whether the person who received the administration of the opioid antagonist was a student, a school personnel member or school volunteer, or a visitor; 3."
total number of drug or alcohol terms mentioned,FFAC_LEGAL_-_Wellness_and_Health_Services_Medical_Treatment_LEGAL.pdf,The physical location where the opioid antagonist was admin- istered; 4.
total number of drug or alcohol terms mentioned,FFAC_LEGAL_-_Wellness_and_Health_Services_Medical_Treatment_LEGAL.pdf,The number of doses of opioid antagonist administered; 5.
total number of drug or alcohol terms mentioned,FFAC_LEGAL_-_Wellness_and_Health_Services_Medical_Treatment_LEGAL.pdf,The title of the person who administered the opioid antago- nist; and 6.
total number of drug or alcohol terms mentioned,FFAC_LEGAL_-_Wellness_and_Health_Services_Medical_Treatment_LEGAL.pdf,Education Code 38.223(b) Records relating to implementing and administering the district unassigned opioid antagonist medication policy must be retained per the campus record retention schedule.
total number of drug or alcohol terms mentioned,FFAC_LEGAL_-_Wellness_and_Health_Services_Medical_Treatment_LEGAL.pdf,25 TAC 40.87(a) A district that adopts an opioid antagonist policy is responsible for training school personnel and school volunteers in the administra- tion of an opioid antagonist.
total number of drug or alcohol terms mentioned,FFAC_LEGAL_-_Wellness_and_Health_Services_Medical_Treatment_LEGAL.pdf,Recognizing the signs and symptoms of an opioid-related drug overdose; 2.
total number of drug or alcohol terms mentioned,FFAC_LEGAL_-_Wellness_and_Health_Services_Medical_Treatment_LEGAL.pdf,Responding to an opioid-related drug overdose and adminis- tering an opioid antagonist; 3.
total number of drug or alcohol terms mentioned,FFAC_LEGAL_-_Wellness_and_Health_Services_Medical_Treatment_LEGAL.pdf,"Implementing emergency procedures, after administering an opioid antagonist; 4."
total number of drug or alcohol terms mentioned,FFAC_LEGAL_-_Wellness_and_Health_Services_Medical_Treatment_LEGAL.pdf,Properly disposing of used or expired opioid antagonists.
total number of drug or alcohol terms mentioned,FFAC_LEGAL_-_Wellness_and_Health_Services_Medical_Treatment_LEGAL.pdf,"Be provided annually in a formal training session or through online education, including practicing the administration of an opioid antagonist with an opioid antagonist trainer device; and 2."
total number of disciplinary terms mentioned,FFAC_LEGAL_-_Wellness_and_Health_Services_Medical_Treatment_LEGAL.pdf,"Education Code 38.226 A person who in good faith takes, or fails to take, any action under Education Code Chapter 38, Subchapter E-1 is immune from civil or criminal liability or disciplinary action resulting from that action or failure to act as described by Education Code 38.227."
total number of drug or alcohol terms mentioned,FFAC_LEGAL_-_Wellness_and_Health_Services_Medical_Treatment_LEGAL.pdf,"Education Code 38.208(b); 25 TAC 40.65(a)(2) “Epinephrine delivery system"" means a medical delivery device ap- proved by the United States Food and Drug Administration that de- livers a dose of epinephrine intended for use to treat anaphylaxis, including: 1."
total number of disciplinary terms mentioned,FFAC_LEGAL_-_Wellness_and_Health_Services_Medical_Treatment_LEGAL.pdf,"Education Code 38.208(d-2) A person who in good faith takes, or fails to take, any action related to Education Code Chapter 38, Subchapter E, related to the main- tenance and administration of epinephrine delivery systems and medication for respiratory distress, is immune from civil or criminal liability or disciplinary action resulting from that action or failure to act as described by Education Code 38.215 and 25 Administrative Code 40.49."
number of times drug and alcohol use prevention programs are mentioned,FFAC_LOCAL_-_Wellness_and_Health_Services_Medical_Treatment_LOCAL.pdf,Herbal substances or dietary supplements provided by the parent and only if required by the individualized education program or Section 504 plan for a student with disabilities.
total number of drug or alcohol terms mentioned,FFAC_LOCAL_-_Wellness_and_Health_Services_Medical_Treatment_LOCAL.pdf,The District authorizes school personnel who have been ade- quately trained to administer an opioid antagonist in accordance with law and this policy.
total number of drug or alcohol terms mentioned,FFAC_LOCAL_-_Wellness_and_Health_Services_Medical_Treatment_LOCAL.pdf,Administration of an opioid antagonist shall only be permitted when an authorized and trained individual rea- sonably believes a person is experiencing an opioid-related over- dose.
total number of drug or alcohol terms mentioned,FFAC_LOCAL_-_Wellness_and_Health_Services_Medical_Treatment_LOCAL.pdf,Each applicable campus shall have at least one individual who is authorized and trained to administer an opioid antagonist present during regular school hours.
total number of drug or alcohol terms mentioned,FFAC_LOCAL_-_Wellness_and_Health_Services_Medical_Treatment_LOCAL.pdf,"Each applicable campus shall have at least two unused, unexpired opioid antagonist doses available."
total number of drug or alcohol terms mentioned,FFAC_LOCAL_-_Wellness_and_Health_Services_Medical_Treatment_LOCAL.pdf,All opioid antagonists shall be stored in a secure location and shall be easily accessible by individuals who are authorized and trained to administer an opioid antagonist.
total number of drug or alcohol terms mentioned,FFAC_LOCAL_-_Wellness_and_Health_Services_Medical_Treatment_LOCAL.pdf,Recommend to a student or a parent that the student use a psychotropic drug; 2.
total number of health or treatment terms mentioned,FFB_LEGAL_-_Student_Welfare_Crisis_Intervention_LEGAL.pdf,"Specific interventions, including mental health or behavioral supports; 2."
number of times suspension or synonyms are mentioned,FFB_LEGAL_-_Student_Welfare_Crisis_Intervention_LEGAL.pdf,Out-of-school suspension; or 4.
total number of disciplinary terms mentioned,FFB_LEGAL_-_Student_Welfare_Crisis_Intervention_LEGAL.pdf,The student’s expulsion or removal to a disciplinary alterna- tive education program (DAEP) or a juvenile justice alterna- tive education program (JJAEP).
total number of drug or alcohol terms mentioned,FFB_LEGAL_-_Student_Welfare_Crisis_Intervention_LEGAL.pdf,"The superintendent shall ensure, to the greatest extent practicable, that the members appointed to each team have expertise in coun- seling, behavior management, mental health and substance use, classroom instruction, special education, school administration, school safety and security, emergency management, and law en- forcement."
number of times drug and alcohol use prevention programs are mentioned,FFB_LEGAL_-_Student_Welfare_Crisis_Intervention_LEGAL.pdf,"If a student in a special education program under Education Code Chapter 29, Subchapter A, is the subject of a threat assessment, the team conducting the assessment must include at least one per- son who has specific knowledge of the student's disability and the disability's manifestations and who is: 1."
"number of times health-services staff such as school nurses, social workers, psychologists, or substance use counselors are mentioned",FFB_LEGAL_-_Student_Welfare_Crisis_Intervention_LEGAL.pdf,A clinical or master social worker licensed under Occupations Code Chapter 505; or 4.
"number of times health-services staff such as school nurses, social workers, psychologists, or substance use counselors are mentioned",FFB_LEGAL_-_Student_Welfare_Crisis_Intervention_LEGAL.pdf,A licensed clinical or licensed master social worker; or 6.
total number of drug or alcohol terms mentioned,FFB_LEGAL_-_Student_Welfare_Crisis_Intervention_LEGAL.pdf,"A committee with oversight responsibility must include members with expertise in hu- man resources, education, special education, counseling, behavior management, school administration, mental health and substance use, school safety and security, emergency management, and law enforcement."
total number of health or treatment terms mentioned,FFB_LEGAL_-_Student_Welfare_Crisis_Intervention_LEGAL.pdf,Referring a student for mental health assessment; and b.
total number of health or treatment terms mentioned,FFB_LEGAL_-_Student_Welfare_Crisis_Intervention_LEGAL.pdf,A team may not provide a mental health-care service to a student who is under 18 years of age unless the team obtains written con- sent from the parent of or the person standing in parental relation to the student before providing the mental health-care service.
number of times drug and alcohol use prevention programs are mentioned,FFB_LEGAL_-_Student_Welfare_Crisis_Intervention_LEGAL.pdf,A team identifying a student at risk of suicide shall act in accor- dance with the district’s suicide prevention program.
number of times drug and alcohol use prevention programs are mentioned,FFB_LEGAL_-_Student_Welfare_Crisis_Intervention_LEGAL.pdf,"If the student at risk of suicide also makes a threat of violence to others, the team shall conduct a threat assessment in addition to actions taken in accordance with the district’s suicide prevention program."
total number of drug or alcohol terms mentioned,FFB_LEGAL_-_Student_Welfare_Crisis_Intervention_LEGAL.pdf,"A team identifying a student using or possessing tobacco, drugs, or alcohol shall act in accordance with district policies and procedures related to substance use prevention and intervention."
number of time transfer or referral to disciplinary alternative school is mentioned,FFB_LEGAL_-_Student_Welfare_Crisis_Intervention_LEGAL.pdf,"Education Code 37.115(j-1) [For information regarding the transfer of threat assessment records between school districts, see FD and FDA.]"
total number of disciplinary terms mentioned,FFB_LEGAL_-_Student_Welfare_Crisis_Intervention_LEGAL.pdf,"Any disciplinary action taken, including a change in school placement; b."
total number of health or treatment terms mentioned,FFB_LEGAL_-_Student_Welfare_Crisis_Intervention_LEGAL.pdf,"Any action taken by law enforcement; or c. A referral to or change in counseling, mental health, spe- cial education, or other services; 4."
number of times trauma-informed care or synonyms are mentioned,FFB_LEGAL_-_Student_Welfare_Crisis_Intervention_LEGAL.pdf,"A best-practices program or research-based practice un- der Education Code 38.351 [see FFEB], including the number and percentage of school personnel trained in suicide prevention or grief and trauma-informed prac- tices; b."
total number of health or treatment terms mentioned,FFB_LEGAL_-_Student_Welfare_Crisis_Intervention_LEGAL.pdf,Mental health or psychological first aid for schools; c. Training relating to the safe and supportive school pro- gram; or d. Any other program relating to safety identified by the commissioner.
total number of health or treatment terms mentioned,FFEB_LEGAL_-_Counseling_and_Mental_Health_Mental_Health_LEGAL.pdf,"For personnel information about mental health professionals, see DP."
total number of health or treatment terms mentioned,FFEB_LEGAL_-_Counseling_and_Mental_Health_Mental_Health_LEGAL.pdf,"“Mental health condition” means a persistent or recurrent pattern of thoughts, feelings, or behaviors that: 1."
total number of drug or alcohol terms mentioned,FFEB_LEGAL_-_Counseling_and_Mental_Health_Mental_Health_LEGAL.pdf,"Constitutes a mental illness, disease, or disorder, other than or in addition to epilepsy, substance abuse, or an intellectual disability; or 2."
total number of health or treatment terms mentioned,FFEB_LEGAL_-_Counseling_and_Mental_Health_Mental_Health_LEGAL.pdf,Early mental health prevention and intervention; 2.
total number of drug or alcohol terms mentioned,FFEB_LEGAL_-_Counseling_and_Mental_Health_Mental_Health_LEGAL.pdf,Substance abuse prevention and intervention; 4.
number of times trauma-informed care or synonyms are mentioned,FFEB_LEGAL_-_Counseling_and_Mental_Health_Mental_Health_LEGAL.pdf,Grief-informed and trauma-informed practices; 6.
total number of drug or alcohol terms mentioned,FFEB_LEGAL_-_Counseling_and_Mental_Health_Mental_Health_LEGAL.pdf,"A district shall develop practices and procedures concerning each area listed above, including mental health promotion and interven- tion, substance abuse prevention and intervention, and suicide pre- vention, that: 1."
total number of drug or alcohol terms mentioned,FFEB_LEGAL_-_Counseling_and_Mental_Health_Mental_Health_LEGAL.pdf,"Include a procedure for providing notice of a recommendation for early mental health or substance abuse intervention re- garding a student to a parent or guardian of the student within a reasonable amount of time after the identification of early warning signs, which may include declining academic perfor- mance, depression, anxiety, isolation, unexplained changes in sleep or eating habits, and destructive behavior toward self and others; 3."
total number of drug or alcohol terms mentioned,FFEB_LEGAL_-_Counseling_and_Mental_Health_Mental_Health_LEGAL.pdf,Establish that the district may develop a reporting mechanism and may designate at least one person to act as a liaison offi- cer in the district for the purposes of identifying students in need of early mental health or substance abuse intervention or suicide prevention; 5.
total number of drug or alcohol terms mentioned,FFEB_LEGAL_-_Counseling_and_Mental_Health_Mental_Health_LEGAL.pdf,Set out available counseling alternatives for a parent or guardian to consider when his or her child is identified as pos- sibly being in need of early mental health or substance abuse intervention or suicide prevention; and 6.
total number of drug or alcohol terms mentioned,FFEB_LEGAL_-_Counseling_and_Mental_Health_Mental_Health_LEGAL.pdf,To support the return of a student to school following hospitalization or residential treatment for a mental health condition or substance abuse; and b.
total number of drug or alcohol terms mentioned,FFEB_LEGAL_-_Counseling_and_Mental_Health_Mental_Health_LEGAL.pdf,The practices and procedures must prohibit the use without the prior consent of a student’s parent or guardian of a medical screening of the student as part of the process of identifying whether the student is possibly in need of early mental health or substance abuse intervention or suicide pre- vention.
total number of drug or alcohol terms mentioned,FFEB_LEGAL_-_Counseling_and_Mental_Health_Mental_Health_LEGAL.pdf,Practices and procedures developed in accor- dance with these provisions are intended to notify a parent or guardian of a need for mental health or substance abuse interven- tion so that a parent or guardian may take appropriate action.
total number of drug or alcohol terms mentioned,FFEB_LEGAL_-_Counseling_and_Mental_Health_Mental_Health_LEGAL.pdf,"A licensed or certified physician, psychologist, counselor, or social worker having reasonable grounds to believe that a child has been sexually, physically, or emotionally abused; is contemplating sui- cide; or is involved in chemical or drug addiction or dependency may: 1."
total number of health or treatment terms mentioned,FFEB_LEGAL_-_Counseling_and_Mental_Health_Mental_Health_LEGAL.pdf,"The physician, psychologist, counselor, or social worker may not counsel a child if consent is prohibited by a court order, unless consent is obtained as otherwise allowed by law."
total number of health or treatment terms mentioned,FFEB_LEGAL_-_Counseling_and_Mental_Health_Mental_Health_LEGAL.pdf,"Family Code 32.004(b), (c) [See DP for more information about LSSP and school counselor responsibilities.]"
total number of health or treatment terms mentioned,FFEB_LEGAL_-_Counseling_and_Mental_Health_Mental_Health_LEGAL.pdf,Family Code 32.004(d) Neither a district nor an employee of a district may refer a student to an outside counselor for care or treatment of a chemical depen- dency or an emotional or psychological condition unless the district does all of the following: 1.
total number of health or treatment terms mentioned,FFEB_LEGAL_-_Counseling_and_Mental_Health_Mental_Health_LEGAL.pdf,"Discloses to the student’s parent, managing conservator, or guardian any relationship between the district and the outside counselor."
total number of health or treatment terms mentioned,FFEB_LEGAL_-_Counseling_and_Mental_Health_Mental_Health_LEGAL.pdf,See FFB for mental health-care services provided by the threat assessment and safe and supportive school team.]
total number of drug or alcohol terms mentioned,FFEB_LEGAL_-_Counseling_and_Mental_Health_Mental_Health_LEGAL.pdf,Recommend that a student use a psychotropic drug; or 2.
total number of drug or alcohol terms mentioned,FFEB_LEGAL_-_Counseling_and_Mental_Health_Mental_Health_LEGAL.pdf,"Use the refusal by a parent to consent to administration of a psychotropic drug to a student or to a psychiatric evaluation or examination of a student as grounds, by itself, for prohibit- ing the child from attending a class or participating in a school-related activity."
total number of drug or alcohol terms mentioned,FFEB_LEGAL_-_Counseling_and_Mental_Health_Mental_Health_LEGAL.pdf,"Psychotropic drug means a substance that is used in the diagno- sis, treatment, or prevention of a disease or as a component of a medication and intended to have an altering effect on perception, emotion, or behavior."
total number of health or treatment terms mentioned,FFEB_LEGAL_-_Counseling_and_Mental_Health_Mental_Health_LEGAL.pdf,"Prohibit a school district employee, or an employee of an en- tity with which the district contracts, who is a registered nurse, advanced nurse practitioner, physician, or nonphysician men- tal health professional licensed or certified to practice in this state from recommending that a child be evaluated by a physician or nonphysician mental health professional; or 3."
total number of health or treatment terms mentioned,FFEB_LEGAL_-_Counseling_and_Mental_Health_Mental_Health_LEGAL.pdf,Nonphysician mental health professional has the meaning as- signed by Education Code 38.0101 [see DP].
total number of drug or alcohol terms mentioned,FFEB_LEGAL_-_Counseling_and_Mental_Health_Mental_Health_LEGAL.pdf,"An employee may not use or threaten to use the refusal of a par- ent, guardian, or managing or possessory conservator to adminis- ter or consent to the administration of a psychotropic drug to a child, or to consent to any other psychiatric or psychological testing or treatment of the child, as the sole basis for making a report of neglect, unless the employee has cause to believe that the refusal: 1."
total number of drug or alcohol terms mentioned,FFG_LEGAL_-_Student_Welfare_Child_Abuse_and_Neglect_LEGAL.pdf,"The current use by a person of a controlled substance as de- fined by Health and Safety Code Chapter 481, in a manner or to the extent that the use results in physical, mental, or emo- tional injury to a child; 10."
total number of drug or alcohol terms mentioned,FFG_LEGAL_-_Student_Welfare_Child_Abuse_and_Neglect_LEGAL.pdf,"Causing, expressly permitting, or encouraging a child to use a controlled substance as defined by Health and Safety Code Chapter 481; 11."
total number of health or treatment terms mentioned,FFG_LEGAL_-_Student_Welfare_Child_Abuse_and_Neglect_LEGAL.pdf,"The person’s refusal is based solely on the person’s in- ability to obtain mental health services necessary to pro- tect the safety and well-being of the child; and c. The person has exhausted all reasonable means avail- able to the person to obtain the mental health services described at item b, above; 2."
number of time transfer or referral to disciplinary alternative school is mentioned,FFG_LEGAL_-_Student_Welfare_Child_Abuse_and_Neglect_LEGAL.pdf,Transfer the child’s medical care to a new medical provider; c. Transfer the child to another health care facility; 4.
total number of health or treatment terms mentioned,FFG_LEGAL_-_Student_Welfare_Child_Abuse_and_Neglect_LEGAL.pdf,"Choosing a recognized alternative health-care treatment or therapy for the child that could be considered as new, emerg- ing, or nonstandard, unless the treatment or therapy presents a substantial risk of death, disfigurement, or bodily injury to the child or results in an observable and material impairment to the growth, development, or functioning of the child; or 6."
total number of health or treatment terms mentioned,FFG_LEGAL_-_Student_Welfare_Child_Abuse_and_Neglect_LEGAL.pdf,19 TAC 103.1401(a) Any person who has reasonable cause to believe that a child’s physical or mental health or welfare has been adversely affected by abuse or neglect by any person shall immediately make a report as required by law.
number of times transfer or referral to juvenile justice program is mentioned,FFG_LEGAL_-_Student_Welfare_Child_Abuse_and_Neglect_LEGAL.pdf,"The term includes teachers, nurses, doctors, day-care employees, juvenile probation officers, and juvenile de- tention or correctional officers."
total number of drug or alcohol terms mentioned,FFG_LEGAL_-_Student_Welfare_Child_Abuse_and_Neglect_LEGAL.pdf,"Family Code 261.101(b-1) An employee may not use or threaten to use the refusal of a par- ent, guardian, or managing or possessory conservator to adminis- ter or consent to the administration of a psychotropic drug to a child, or to consent to any other psychiatric or psychological testing or treatment of the child, as the sole basis for making a report of neglect, unless the employee has cause to believe that the refusal: 1."
number of times transfer or referral to juvenile justice program is mentioned,FFG_LEGAL_-_Student_Welfare_Child_Abuse_and_Neglect_LEGAL.pdf,"Family Code 261.101(d) If the alleged or suspected abuse or neglect involves a person re- sponsible for the care, custody, or welfare of the child, the report must be made to DFPS, unless the report is made to a state agency under item 4, below, or the report involves a juvenile justice program or facility [see JJAEPS, below]."
number of times transfer or referral to juvenile justice program is mentioned,FFG_LEGAL_-_Student_Welfare_Child_Abuse_and_Neglect_LEGAL.pdf,"Family Code 261.001(5) Any report of alleged abuse, neglect, or exploitation, as those terms are defined in Family Code 261.405, in a juvenile justice program or facility shall be made to the Texas Juvenile Justice Department and a local law enforcement agency for investigation."
number of times transfer or referral to juvenile justice program is mentioned,FFG_LEGAL_-_Student_Welfare_Child_Abuse_and_Neglect_LEGAL.pdf,The term “juvenile justice program” includes a juvenile justice alternative education program.
total number of health or treatment terms mentioned,FFG_LEGAL_-_Student_Welfare_Child_Abuse_and_Neglect_LEGAL.pdf,"19 TAC 103.1401(b) The policies must require every school employee, agent, or con- tractor who suspects a child's physical or mental health or welfare has been adversely affected by abuse or neglect to submit a writ- ten or oral report to at least one of the authorities listed above [see To Whom Reported, above] within 24 hours or less, as determined by the board, after learning of facts giving rise to the suspicion."
total number of health or treatment terms mentioned,FFG_LOCAL_-_Student_Welfare_Child_Abuse_and_Neglect_LOCAL.pdf,"Any person who has reasonable cause to believe that a child’s physical or mental health or welfare has been adversely affected by abuse or neglect has a legal responsibility, under state law, to immediately report the suspected abuse or neglect to an appropri- ate authority."
total number of health or treatment terms mentioned,FFG_LOCAL_-_Student_Welfare_Child_Abuse_and_Neglect_LOCAL.pdf,"Any District employee, agent, or contractor who suspects a child’s physical or mental health or welfare has been ad- versely affected by abuse or neglect."
total number of drug or alcohol terms mentioned,FFG_LOCAL_-_Student_Welfare_Child_Abuse_and_Neglect_LOCAL.pdf,"In accordance with law, an employee is prohibited from using or threatening to use a parent’s refusal to consent to administration of a psychotropic drug or to any other psychiatric or psychological testing or treatment of a child as the sole basis for making a report of neglect, unless the employee has cause to believe that the re- fusal: 1."
number of times transfer or referral to juvenile justice program is mentioned,FFG_LOCAL_-_Student_Welfare_Child_Abuse_and_Neglect_LOCAL.pdf,"However, if the suspected abuse or neglect involves a person re- sponsible for the care, custody, or welfare of the child, the report must be made to DFPS, unless the report is to the state agency that operates, licenses, certifies, or registers the facility where the suspected abuse or neglect took place; or the report is to the Texas Juvenile Justice Department as a report of suspected abuse or neglect in a juvenile justice program or facility."
total number of disciplinary terms mentioned,FFG_LOCAL_-_Student_Welfare_Child_Abuse_and_Neglect_LOCAL.pdf,"Violates Board policy and may be subject to disciplinary ac- tion, including possible termination of employment; and 4."
total number of drug or alcohol terms mentioned,FMA_LEGAL_-_Student_Activities_School-Sponsored_Publications_LEGAL.pdf,"Might reasonably be perceived to advocate drug or alcohol use, irresponsible sex, or conduct otherwise inconsistent with the shared values of a civilized social order."
total number of drug or alcohol terms mentioned,FNAA_LOCAL_-_Student_Expression_Distribution_of_Nonschool_Literature_LOCAL.pdf,"The materials promote illegal use of drugs, alcohol, or other controlled substances."
total number of disciplinary terms mentioned,FNAA_LOCAL_-_Student_Expression_Distribution_of_Nonschool_Literature_LOCAL.pdf,"Failure to comply with this policy regarding distribution of non- school literature shall result in appropriate administrative action, in- cluding but not limited to confiscation of nonconforming materials, suspension of a noncurriculum-related student group’s use of Dis- trict facilities, and/or other disciplinary action in accordance with the Student Code of Conduct."
total number of drug or alcohol terms mentioned,FNA_LEGAL_-_Student_Rights_and_Responsibilities_Student_Expression_LEGAL.pdf,"Dist., 393 U.S. 503 (1969) [See also FNCI] The special characteristics of the school environment and the gov- ernmental interest in stopping student drug abuse allow a district to restrict student expression that it reasonably regards as promoting illegal drug use."
total number of drug or alcohol terms mentioned,FNA_LEGAL_-_Student_Rights_and_Responsibilities_Student_Expression_LEGAL.pdf,Homework and classroom assignments must be judged by ordinary academic standards of substance and relevance and against other legitimate pedagogical concerns identified by a district.
total number of disciplinary terms mentioned,FNA_LOCAL_-_Student_Rights_and_Responsibilities_Student_Expression_LOCAL.pdf,Are not in a disciplinary placement at the time of the speaking event.
total number of drug or alcohol terms mentioned,FNA_LOCAL_-_Student_Rights_and_Responsibilities_Student_Expression_LOCAL.pdf,"The student may not engage in speech that: •Is obscene, vulgar, offensively lewd, or indecent; •Creates reasonable cause to believe that the speech would result in material and substantial interference with school ac- tivities or the rights of others; •Promotes illegal drug use; •Violates the intellectual property rights, privacy rights, or other rights of another person; •Contains defamatory statements about public figures or oth- ers; or •Advocates imminent lawless action and is likely to incite or produce such action."
total number of disciplinary terms mentioned,FNA_LOCAL_-_Student_Rights_and_Responsibilities_Student_Expression_LOCAL.pdf,Students are not eligible to volunteer if they were in a disciplinary placement during any part of the spring semester.
total number of drug or alcohol terms mentioned,FNA_LOCAL_-_Student_Rights_and_Responsibilities_Student_Expression_LOCAL.pdf,"The student shall stay on the subject, and the student shall not en- gage in speech that: •Is obscene, vulgar, offensively lewd, or indecent; •Creates reasonable cause to believe that the speech would result in material and substantial interference with school ac- tivities or the rights of others; •Promotes illegal drug use; •Violates the intellectual property rights, privacy rights, or other rights of another person; •Contains defamatory statements about public figures or oth- ers; or •Advocates imminent lawless action and is likely to incite or produce such action."
total number of drug or alcohol terms mentioned,FNA_LOCAL_-_Student_Rights_and_Responsibilities_Student_Expression_LOCAL.pdf,Homework and classroom work shall be judged by ordi- nary academic standards of substance and relevance and against other legitimate pedagogical concerns identified by the school.
total number of disciplinary terms mentioned,FNCA_LOCAL_-_Student_Conduct_Dress_Code_LOCAL.pdf,"Students who violate d ress and grooming standards established for such an activity may be removed or excluded from the activity for a period determined by the principal or sponsor and may be subject to other disciplinary action, as specified in the Student Code of Conduct."
total number of disciplinary terms mentioned,FNCC_LEGAL_-_Student_Conduct_Prohibited_Organizations_and_Hazing_LEGAL.pdf,Educa- tion Code 37.121(d) A board or an educator shall recommend placing in a disciplinary alternative education program any student who commits the of- fenses described above.
total number of drug or alcohol terms mentioned,FNCC_LEGAL_-_Student_Conduct_Prohibited_Organizations_and_Hazing_LEGAL.pdf,"Is any type of physical brutality, such as whipping, beating, striking, branding, electronic shocking, placing of a harmful substance on the body, or similar activity; 2."
total number of drug or alcohol terms mentioned,FNCC_LEGAL_-_Student_Conduct_Prohibited_Organizations_and_Hazing_LEGAL.pdf,"Involves consumption of a food, liquid, alcoholic beverage, liquor, drug, or other substance, other than as described by item 5, below, that subjects the student to an unreasonable risk of harm or that adversely affects the mental or physical health or safety of the student; 4."
total number of drug or alcohol terms mentioned,FNCC_LEGAL_-_Student_Conduct_Prohibited_Organizations_and_Hazing_LEGAL.pdf,A drug; or b.
total number of drug or alcohol terms mentioned,FNCF_LEGAL_-_Student_Conduct_Alcohol_and_Drug_Use_LEGAL.pdf,Edu- cation Code 38.007(a) A board shall attempt to provide a safe alcohol-free environment to students coming to or going from school.
total number of drug or alcohol terms mentioned,FNCF_LEGAL_-_Student_Conduct_Alcohol_and_Drug_Use_LEGAL.pdf,A board may cooperate with local law enforcement officials and the Texas Alcoholic Beverage Commission in attempting to provide this environment and in enforcing the alcohol-free zone provisions in the Alcoholic Beverage Code.
total number of drug or alcohol terms mentioned,FNCF_LEGAL_-_Student_Conduct_Alcohol_and_Drug_Use_LEGAL.pdf,"Education Code 38.007(b) If the majority of the area of a district is located in a municipality with a population of 1.3 million or more, the board may petition the commissioners court of the county in which the district is located or the governing board of an incorporated city or town in which the district is located to adopt a 1,000-foot alcohol-free zone."
total number of disciplinary terms mentioned,FNCF_LEGAL_-_Student_Conduct_Alcohol_and_Drug_Use_LEGAL.pdf,"Health and Safety Code 485.033 Note:For disciplinary consequences associated with the of- fenses above, see FOC and FOD."
total number of disciplinary terms mentioned,FNF_LEGAL_-_Student_Rights_and_Responsibilities_Investigations_and_Searches_LEGAL.pdf,"The action is justified at the inception; i.e., the school official has reasonable grounds for suspecting that the search will uncover evidence of a rule violation or a criminal violation."
total number of drug or alcohol terms mentioned,FNF_LEGAL_-_Student_Rights_and_Responsibilities_Investigations_and_Searches_LEGAL.pdf,"Thus, the rea- sonableness of a random student drug-testing policy is determined by balancing the following factors: 1."
total number of drug or alcohol terms mentioned,FNF_LEGAL_-_Student_Rights_and_Responsibilities_Investigations_and_Searches_LEGAL.pdf,The nature of the privacy interest compromised by the drug- testing policy.
total number of drug or alcohol terms mentioned,FNF_LEGAL_-_Student_Rights_and_Responsibilities_Investigations_and_Searches_LEGAL.pdf,The character of the intrusion imposed by the drug-testing policy.
total number of drug or alcohol terms mentioned,FNF_LEGAL_-_Student_Rights_and_Responsibilities_Investigations_and_Searches_LEGAL.pdf,The nature and immediacy of the governmental interests in- volved and the efficacy of the drug-testing policy for meeting them.
total number of drug or alcohol terms mentioned,FNF_LEGAL_-_Student_Rights_and_Responsibilities_Investigations_and_Searches_LEGAL.pdf,"47J v. Acton, 515 U.S. 646 (1995) (upholding a policy requiring urinalysis drug testing as a condition of participat- ing in athletics); Bd."
number of time transfer or referral to disciplinary alternative school is mentioned,FNF_LEGAL_-_Student_Rights_and_Responsibilities_Investigations_and_Searches_LEGAL.pdf,"2701(a), (c) “Electronic communication” means any transfer of signs, signals, writing, images, sounds, data, or intelligence of any nature trans- mitted in whole or in part by a wire, radio, electromagnetic, photo- electronic or photo-optical system that affects interstate or foreign commerce."
number of times arrest or synonyms are mentioned,FNF_LEGAL_-_Student_Rights_and_Responsibilities_Investigations_and_Searches_LEGAL.pdf,The telephone or device is in the possession of a fugitive from justice for whom an arrest warrant has been issued for committing a felony offense; or b.
total number of disciplinary terms mentioned,FNF_LOCAL_-_Student_Rights_and_Responsibilities_Investigations_and_Searches_LOCAL.pdf,"No student shall place or keep in a desk, locker, District -provided tech- nology, or similar item any article or material prohibited by law, Dis- trict policy, or the Student Code of Conduct."
total number of disciplinary terms mentioned,FNF_LOCAL_-_Student_Rights_and_Responsibilities_Investigations_and_Searches_LOCAL.pdf,"In accordance with the Student Code of Conduct, students are re- sponsible for prohibited items found in their possession, including items in their p ersonal belongings or in vehicles parked on District property."
total number of disciplinary terms mentioned,FNF_LOCAL_-_Student_Rights_and_Responsibilities_Investigations_and_Searches_LOCAL.pdf,"If there is reasonable suspicion to believe that searching a student ’s person, belongings, or vehicl e will reveal evidence of a violation of the Student Code of Conduct, a District official may conduct a search in accordance with law and District regulations."
total number of drug or alcohol terms mentioned,FNF_LOCAL_-_Student_Rights_and_Responsibilities_Investigations_and_Searches_LOCAL.pdf,"For purposes of this policy, a suspicionless search is a search car- ried o ut based on lawful security procedures, such as metal detec- tor searches or random drug testing."
total number of drug or alcohol terms mentioned,FNF_LOCAL_-_Student_Rights_and_Responsibilities_Investigations_and_Searches_LOCAL.pdf,The District re quires the random drug -testing of any student in grades 7 -12 who chooses to participate in school -sponsored extracurricular ac tivities .
total number of drug or alcohol terms mentioned,FNF_LOCAL_-_Student_Rights_and_Responsibilities_Investigations_and_Searches_LOCAL.pdf,The Superintendent shall develop regulations for the implementa- tion of the District ’s random student drug -testing program that ad- dress the following: 1.
total number of drug or alcohol terms mentioned,FNF_LOCAL_-_Student_Rights_and_Responsibilities_Investigations_and_Searches_LOCAL.pdf,A student or parent may appeal a decision made under the random drug-testing program in accordance with FNG(LOCAL).
total number of drug or alcohol terms mentioned,FNF_LOCAL_-_Student_Rights_and_Responsibilities_Investigations_and_Searches_LOCAL.pdf,Use of Trained Dogs Random Drug - Testing Program Appeal
number of times suspension or synonyms are mentioned,FOB_LEGAL_-_Student_Discipline_Out-of-School_Suspension_LEGAL.pdf,Education Code 37.005(a) An in-school suspension under this section is not subject to any time limit.
number of times suspension or synonyms are mentioned,FOB_LEGAL_-_Student_Discipline_Out-of-School_Suspension_LEGAL.pdf,Education Code 37.005(b) The principal or other appropriate administrator shall review the in- school suspension of a student at least once every 10 school days after the date the suspension begins to evaluate the educational progress of the student and to determine if continued in-school suspension is appropriate.
number of times suspension or synonyms are mentioned,FOB_LEGAL_-_Student_Discipline_Out-of-School_Suspension_LEGAL.pdf,"If the principal or other appropriate ad- ministrator determines that continued in-school suspension is ap- propriate, the principal or other appropriate administrator shall doc- ument the determination."
number of times any other terms are mentioned that relate to a health-oriented approach to student drug and alcohol use,FOB_LEGAL_-_Student_Discipline_Out-of-School_Suspension_LEGAL.pdf,Education Code 37.005(b-1) The district shall provide a student subject to an in-school suspen- sion with appropriate behavioral support services and comparable educational services as the student would receive in the class- room.
number of times drug and alcohol use prevention programs are mentioned,FOB_LEGAL_-_Student_Discipline_Out-of-School_Suspension_LEGAL.pdf,"If the student receives special education services, the student must continue to receive special education and related services speci- fied in the student's individualized education program and have an opportunity to progress in the general curriculum."
number of times suspension or synonyms are mentioned,FOB_LEGAL_-_Student_Discipline_Out-of-School_Suspension_LEGAL.pdf,Education Code 37.005(b-2) An out-of-school suspension may not exceed three school days.
number of times suspension or synonyms are mentioned,FOB_LEGAL_-_Student_Discipline_Out-of-School_Suspension_LEGAL.pdf,"A student who is enrolled in a grade level below grade 3 may not be placed in out-of-school suspension unless while on school prop- erty or while attending a school-sponsored or school-related activ- ity on or off of school property, the student engages in: 1."
total number of drug or alcohol terms mentioned,FOB_LEGAL_-_Student_Discipline_Out-of-School_Suspension_LEGAL.pdf,"A dangerous drug, as defined by Health and Safety Code Chapter 483; or c. An alcoholic beverage, as defined by Alcoholic Beverage Code 1.04."
number of times suspension or synonyms are mentioned,FOB_LEGAL_-_Student_Discipline_Out-of-School_Suspension_LEGAL.pdf,"Education Code 37.005(c) A district may not place a student who is homeless in out-of-school suspension unless the student engages in conduct described at items 1–4, above, while on school property or while attending a school-sponsored or school-related activity on or off of school property."
number of times suspension or synonyms are mentioned,FOB_LEGAL_-_Student_Discipline_Out-of-School_Suspension_LEGAL.pdf,The campus behavior coordinator may coordinate with the district's homeless education liaison to identify appropriate al- ternatives to out-of-school suspension for a student who is home- less.
number of times suspension or synonyms are mentioned,FOB_LEGAL_-_Student_Discipline_Out-of-School_Suspension_LEGAL.pdf,"Education Code 37.005(d) On receiving a written request from the student's parent, the princi- pal or other appropriate administrator may at the principal's or other appropriate administrator's sole discretion reassign a student placed in out-of-school suspension to an in-school suspension if the student's parent demonstrates through supporting information and documentation that the parent is unable to provide suitable su- pervision for the student during school hours during the period of the suspension."
number of times suspension or synonyms are mentioned,FOB_LEGAL_-_Student_Discipline_Out-of-School_Suspension_LEGAL.pdf,The alternative placement provided by this provision may be used only in extenuating circumstances and may not be used as a rou- tine replacement for out-of-school suspension.
total number of disciplinary terms mentioned,FOB_LEGAL_-_Student_Discipline_Out-of-School_Suspension_LEGAL.pdf,"Provide alternative disciplinary courses of action that do not rely on the use of in-school suspension, out-of-school suspen- sion, or placement in a disciplinary alternative education pro- gram to manage student behavior; and 5."
number of times trauma-informed care or synonyms are mentioned,FOB_LEGAL_-_Student_Discipline_Out-of-School_Suspension_LEGAL.pdf,"Positive behavioral intervention and support; b. Trauma-informed practices; c. Social and emotional learning; d. A referral for services, as necessary; and e. Restorative practices."
total number of disciplinary terms mentioned,FOCA_LEGAL_-_Placement_in_a_Disciplinary_Alternative_Education_Setting_Disciplinary_Alternative_Education_Program_Operations_LEGAL.pdf,19 TAC 103.1201(a) [See board-adopted Student Code of Conduct for information re- garding DAEP.]
number of time transfer or referral to disciplinary alternative school is mentioned,FOCA_LEGAL_-_Placement_in_a_Disciplinary_Alternative_Education_Setting_Disciplinary_Alternative_Education_Program_Operations_LEGAL.pdf,"Education Code 37.008(d); 19 TAC 103.1201(d) A DAEP may provide for a student’s transfer to a different campus, a school-community guidance center, or a community-based alter- native school."
number of times drug and alcohol use prevention programs are mentioned,FOCA_LEGAL_-_Placement_in_a_Disciplinary_Alternative_Education_Setting_Disciplinary_Alternative_Education_Program_Operations_LEGAL.pdf,"Education Code 37.008(f) A district shall allocate to a DAEP the same expenditure per stu- dent attending the DAEP that would be allocated to the student’s school if the student were attending the student’s regularly as- signed education program, including a special education program."
number of times transfer or referral to recovery schools are mentioned,FOCA_LEGAL_-_Placement_in_a_Disciplinary_Alternative_Education_Setting_Disciplinary_Alternative_Education_Program_Operations_LEGAL.pdf,Students in the DAEP shall be separated from students in a juve- nile justice alternative education program.
total number of disciplinary terms mentioned,FOCA_LEGAL_-_Placement_in_a_Disciplinary_Alternative_Education_Setting_Disciplinary_Alternative_Education_Program_Operations_LEGAL.pdf,"Each district shall establish a board-approved policy for discipline and intervention measures to prevent and intervene against unsafe behavior and include disciplinary actions that do not jeopardize stu- dents’ physical health and safety, harm emotional well-being, or discourage physical activity."
number of times restorative justice approaches or synonyms are mentioned,FOCA_LEGAL_-_Placement_in_a_Disciplinary_Alternative_Education_Setting_Disciplinary_Alternative_Education_Program_Operations_LEGAL.pdf,"Instruction in social skills and problem-solving skills that ad- dresses diversity, dating violence, anger management, and conflict resolution to teach students how to interact with teachers, family, peers, authority figures, and the general public; and 3."
number of times transfer or referral to juvenile justice program is mentioned,FOCA_LEGAL_-_Placement_in_a_Disciplinary_Alternative_Education_Setting_Disciplinary_Alternative_Education_Program_Operations_LEGAL.pdf,Comparable to any assessment instrument generally ad- ministered to students placed in juvenile justice alterna- tive education programs for a similar purpose; or b.
number of times drug and alcohol use prevention programs are mentioned,FOCA_LEGAL_-_Placement_in_a_Disciplinary_Alternative_Education_Setting_Disciplinary_Alternative_Education_Program_Operations_LEGAL.pdf,"19 TAC 103.1203 A DAEP serving a student with a disability who receives special education services shall provide educational services that will sup- port the student in meeting the goals identified in the individualized education program (IEP) established by a duly-constituted admis- sion, review, and dismissal (ARD) committee, in accordance with Education Code 37.004 and federal requirements."
total number of drug or alcohol terms mentioned,FOCA_LEGAL_-_Placement_in_a_Disciplinary_Alternative_Education_Setting_Disciplinary_Alternative_Education_Program_Operations_LEGAL.pdf,"19 TAC 103.1201(g) A program of educational and support services may be provided to a student and the student’s parents when the offense involves drugs, e-cigarettes, or alcohol as specified under Education Code 37.006 and 37.007."
number of times transfer or referral to recovery schools are mentioned,FOCA_LEGAL_-_Placement_in_a_Disciplinary_Alternative_Education_Setting_Disciplinary_Alternative_Education_Program_Operations_LEGAL.pdf,Education Code 37.008(k) The transition services established for a student who is exiting a DAEP and returning to the student’s locally assigned campus shall be implemented as required by Education Code 37.023.19 TAC 103.1201(k) “Alternative education program” includes: 1.
total number of disciplinary terms mentioned,FOCA_LEGAL_-_Placement_in_a_Disciplinary_Alternative_Education_Setting_Disciplinary_Alternative_Education_Program_Operations_LEGAL.pdf,A disciplinary alternative education program operated by a school district or open-enrollment charter school; 2.
number of times transfer or referral to juvenile justice program is mentioned,FOCA_LEGAL_-_Placement_in_a_Disciplinary_Alternative_Education_Setting_Disciplinary_Alternative_Education_Program_Operations_LEGAL.pdf,A juvenile justice alternative education program; and 3.
number of times transfer or referral to juvenile justice program is mentioned,FOCA_LEGAL_-_Placement_in_a_Disciplinary_Alternative_Education_Setting_Disciplinary_Alternative_Education_Program_Operations_LEGAL.pdf,"A residential program or facility operated by or under contract with the Texas Juvenile Justice Department, a juvenile board, or any other governmental entity."
"number of times health-services staff such as school nurses, social workers, psychologists, or substance use counselors are mentioned",FOCA_LEGAL_-_Placement_in_a_Disciplinary_Alternative_Education_Setting_Disciplinary_Alternative_Education_Program_Operations_LEGAL.pdf,"""Licensed clinical social worker"" has the meaning assigned by Oc- cupations Code 505.002."
number of times transfer or referral to recovery schools are mentioned,FOCA_LEGAL_-_Placement_in_a_Disciplinary_Alternative_Education_Setting_Disciplinary_Alternative_Education_Program_Operations_LEGAL.pdf,An assessment of the student's academic growth while attending the alternative education program; and b.
number of times transfer or referral to recovery schools are mentioned,FOCA_LEGAL_-_Placement_in_a_Disciplinary_Alternative_Education_Setting_Disciplinary_Alternative_Education_Program_Operations_LEGAL.pdf,"Education Code 37.023(b) Not later than five instructional days after the date of a student's re- lease from an alternative education program, the campus adminis- trator shall coordinate the student's transition to a regular class- room."
total number of health or treatment terms mentioned,FOCA_LEGAL_-_Placement_in_a_Disciplinary_Alternative_Education_Setting_Disciplinary_Alternative_Education_Program_Operations_LEGAL.pdf,"Recommendations for assistance for obtaining access to mental health services provided by the district or school, a local mental health authority, or another private or pub- lic entity; and c. A regular review of the student's progress toward the student's academic or career goals."
total number of disciplinary terms mentioned,FOC_LEGAL_-_Student_Discipline_Placement_in_a_Disciplinary_Alternative_Education_Setting_LEGAL.pdf,"Education Code 37.006 [For additional factors that must be considered in each decision concerning suspension, removal to a DAEP, expulsion, or place- ment in a juvenile justice alternative education program (JJAEP), see FO and the Student Code of Conduct.]"
total number of drug or alcohol terms mentioned,FOC_LEGAL_-_Student_Discipline_Placement_in_a_Disciplinary_Alternative_Education_Setting_LEGAL.pdf,"A controlled substance, as defined by the Texas Con- trolled Substances Act, Health and Safety Code Chapter 481, or by 21 U.S.C."
total number of drug or alcohol terms mentioned,FOC_LEGAL_-_Student_Discipline_Placement_in_a_Disciplinary_Alternative_Education_Setting_LEGAL.pdf,"801, et seq., excluding marijuana, as defined by Health and Safety Code 481.002, or tetrahydrocannabinol, as defined by Department of Pub- lic Safety rule; b."
total number of drug or alcohol terms mentioned,FOC_LEGAL_-_Student_Discipline_Placement_in_a_Disciplinary_Alternative_Education_Setting_LEGAL.pdf,"A dangerous drug, as defined by the Texas Dangerous Drug Act, Health and Safety Code Chapter 483."
total number of drug or alcohol terms mentioned,FOC_LEGAL_-_Student_Discipline_Placement_in_a_Disciplinary_Alternative_Education_Setting_LEGAL.pdf,"Possesses, uses, or is under the influence of, or sells, gives, or delivers to another person marijuana or tetrahydrocannabi- nol, as defined above; 5."
total number of drug or alcohol terms mentioned,FOC_LEGAL_-_Student_Discipline_Placement_in_a_Disciplinary_Alternative_Education_Setting_LEGAL.pdf,"Sells, gives, or delivers to another person an alcoholic bever- age, as defined by Alcoholic Beverage Code 1.04, or commits a serious act or offense while under the influence of alcohol, or possesses, uses, or is under the influence of an alcoholic beverage."
number of times transfer or referral to recovery schools are mentioned,FOC_LEGAL_-_Student_Discipline_Placement_in_a_Disciplinary_Alternative_Education_Setting_LEGAL.pdf,Penal Code 22.11 A student shall be removed from class and placed in a DAEP or ju- venile justice alternative education program (JJAEP) if: 1.
number of times transfer or referral to juvenile justice program is mentioned,FOC_LEGAL_-_Student_Discipline_Placement_in_a_Disciplinary_Alternative_Education_Setting_LEGAL.pdf,"The student was convicted of, received adjudication for, or was placed on probation for sexual assault of another student who was a young child or disabled individual while the stu- dents were assigned to the same campus, regardless of whether the assault occurred on or off school property; 2."
number of time transfer or referral to disciplinary alternative school is mentioned,FOC_LEGAL_-_Student_Discipline_Placement_in_a_Disciplinary_Alternative_Education_Setting_LEGAL.pdf,"Education Code 25.0341, 37.0051(a) [See FDE at Sexual Assault Transfer—Transfer of Assailant] A limitation imposed by Education Code Chapter 37 on the length of placement in a DAEP or a JJAEP does not apply to a placement under this provision."
total number of disciplinary terms mentioned,FOC_LEGAL_-_Student_Discipline_Placement_in_a_Disciplinary_Alternative_Education_Setting_LEGAL.pdf,Education Code 37.0052 A student may be removed from class and placed in a disciplinary alternative education program if the student: 1.
total number of disciplinary terms mentioned,FOC_LEGAL_-_Student_Discipline_Placement_in_a_Disciplinary_Alternative_Education_Setting_LEGAL.pdf,"Education Code 37.006(d), (d-1); 37.124(d) A student may be removed from class and placed in a disciplinary alternative education program if the student possesses or uses an e-cigarette, as defined by Health and Safety Code 161.081."
total number of disciplinary terms mentioned,FOC_LEGAL_-_Student_Discipline_Placement_in_a_Disciplinary_Alternative_Education_Setting_LEGAL.pdf,"If a student who possesses or uses an e-cigarette is not placed in a disciplinary alternative education program for the first-time of- fense, the student shall be placed in in-school suspension for a pe- riod of at least 10 school days."
number of times suspension or synonyms are mentioned,FOC_LEGAL_-_Student_Discipline_Placement_in_a_Disciplinary_Alternative_Education_Setting_LEGAL.pdf,"[For requirements related to in- school suspension, see FOB.]"
total number of disciplinary terms mentioned,FOC_LEGAL_-_Student_Discipline_Placement_in_a_Disciplinary_Alternative_Education_Setting_LEGAL.pdf,"Before ordering removal, the CBC must consider whether the stu- dent acted in self-defense, the intent or lack of intent at the time the student engaged in the conduct, the student’s disciplinary his- tory, and whether the student has a disability that substantially im- pairs the student’s capacity to appreciate the wrongfulness of the student’s conduct, regardless of whether the decision of the behav- ior coordinator concerns a mandatory or discretionary action."
total number of disciplinary terms mentioned,FOC_LEGAL_-_Student_Discipline_Placement_in_a_Disciplinary_Alternative_Education_Setting_LEGAL.pdf,"Following the conference, and whether or not each requested per- son is in attendance after valid attempts to require the person’s at- tendance, the CBC, after considering any mitigating factors under Education Code 37.001(a)(4) [see FO], shall order the placement of the student for a period consistent with the Student Code of Conduct."
total number of disciplinary terms mentioned,FOC_LEGAL_-_Student_Discipline_Placement_in_a_Disciplinary_Alternative_Education_Setting_LEGAL.pdf,"Education Code 37.009(a) [See Student Code of Conduct] On the placement of a student in a DAEP, the district shall provide information to the student’s parent or person standing in parental relation to the student regarding the process for requesting a full in- dividual and initial evaluation of the student under Education Code 29.004 [see EHBAA]."
total number of disciplinary terms mentioned,FOC_LEGAL_-_Student_Discipline_Placement_in_a_Disciplinary_Alternative_Education_Setting_LEGAL.pdf,"If the period of placement is inconsistent with the guidelines in the Student Code of Conduct, the order must give notice of the inconsistency."
total number of disciplinary terms mentioned,FOC_LEGAL_-_Student_Discipline_Placement_in_a_Disciplinary_Alternative_Education_Setting_LEGAL.pdf,The student has engaged in serious or persistent misbehavior that violates the Student Code of Conduct.
total number of drug or alcohol terms mentioned,FOC_LEGAL_-_Student_Discipline_Placement_in_a_Disciplinary_Alternative_Education_Setting_LEGAL.pdf,"Education Code 37.006(o) If a DAEP is at capacity at the time a CBC is deciding placement for a student who engaged in conduct described under Education Code 37.006(a)(2)(C-1) (possession or use of marijuana), (C-2) (possession, use, delivery of an e-cigarette), (D) (delivery of alco- hol), or (E) (abuse of volatile chemical), the student shall be placed in in-school suspension; and if a position becomes available in the program before the expiration of the period of the placement, trans- ferred to the program for the remainder of the period."
number of times suspension or synonyms are mentioned,FOC_LEGAL_-_Student_Discipline_Placement_in_a_Disciplinary_Alternative_Education_Setting_LEGAL.pdf,"If a DAEP is at capacity at the time a CBC is deciding placement for a student who engaged in conduct described under Education Code 37.007 that constitutes violent conduct [see below at Deter- mination of Violent Conduct], a student who has been placed in the program for conduct described under Education Code 37.006(a)(2)(C-1), (C-2), (D), or (E) (above) may be removed from the program and placed in in-school suspension to make a position in the program available for the student who engaged in violent conduct."
number of times transfer or referral to juvenile justice program is mentioned,FOC_LEGAL_-_Student_Discipline_Placement_in_a_Disciplinary_Alternative_Education_Setting_LEGAL.pdf,Education Code 37.008(j-1) Unless a board and the juvenile board for the county in which a district’s central administrative office is located have entered into a memorandum of understanding concerning the juvenile probation department’s role in supervising and providing other support ser- vices for students in DAEP programs: 1.
number of times transfer or referral to juvenile justice program is mentioned,FOC_LEGAL_-_Student_Discipline_Placement_in_a_Disciplinary_Alternative_Education_Setting_LEGAL.pdf,"A court may not order a student to attend a DAEP without a district’s consent, until the student has successfully completed any sentencing requirements, if the court has ordered the stu- dent to attend a DAEP as a condition of probation once during a school year and the student is referred to juvenile court again during that school year."
number of times transfer or referral to juvenile justice program is mentioned,FOC_LEGAL_-_Student_Discipline_Placement_in_a_Disciplinary_Alternative_Education_Setting_LEGAL.pdf,"Education Code 37.010(e) After the student has successfully completed any court disposition requirements, including conditions of deferred prosecution or con- ditions required by the prosecutor or probation department, a dis- trict may not refuse to admit the student if the student meets the re- quirements for admission into the public schools."
number of times expulsion or synonyms is mentioned,FOC_LEGAL_-_Student_Discipline_Placement_in_a_Disciplinary_Alternative_Education_Setting_LEGAL.pdf,"Education Code 37.009(e) If, during the term of placement, a student engages in additional conduct for which placement in a DAEP or expulsion is required or permitted, additional proceedings may be conducted and the prin- cipal or board, as appropriate, may enter an additional order."
number of times transfer or referral to juvenile justice program is mentioned,FOD_LEGAL_-_Student_Discipline_Expulsion_LEGAL.pdf,"Education Code 37.007(e)(2), (h) A person who is 21 years of age or older and is admitted by a dis- trict for the purpose of completing the requirements for a diploma is not eligible for placement in a juvenile justice alternative education program (JJAEP) if the person engages in conduct that would re- quire or authorize such placement for a student under the age of 21."
total number of drug or alcohol terms mentioned,FOD_LEGAL_-_Student_Discipline_Expulsion_LEGAL.pdf,"Commits a drug- or alcohol-related offense described at Edu- cation Code 37.006(a)(2)(C), if that conduct is punishable as a felony; 4."
number of times expulsion or synonyms is mentioned,FOD_LEGAL_-_Student_Discipline_Expulsion_LEGAL.pdf,"The student must be expelled from the student’s regular campus for a period of at least one year, except that the superin- tendent may modify in writing the length of expulsion in the case of an individual student."
number of times expulsion or synonyms is mentioned,FOD_LEGAL_-_Student_Discipline_Expulsion_LEGAL.pdf,A district or other local educational agency shall provide educa- tional services to an expelled student in a DAEP if the student is younger than 10 years of age on the date of expulsion.
total number of drug or alcohol terms mentioned,FOD_LEGAL_-_Student_Discipline_Expulsion_LEGAL.pdf,"Marijuana or a controlled substance, as defined by Chapter 481, Health and Safety Code, or by 21 U.S.C."
total number of drug or alcohol terms mentioned,FOD_LEGAL_-_Student_Discipline_Expulsion_LEGAL.pdf,"A dangerous drug, as defined by Chapter 483, Health and Safety Code; or c. An alcoholic beverage, as defined by Section 1.04, Alco- holic Beverage Code."
number of times transfer or referral to juvenile justice program is mentioned,FOD_LEGAL_-_Student_Discipline_Expulsion_LEGAL.pdf,"If the student is expelled, a board or its designee shall refer the student to the authorized officer of the juvenile court for appropriate proceedings under Family Code Title 3 (Juvenile Justice Code)."
total number of disciplinary terms mentioned,FOD_LEGAL_-_Student_Discipline_Expulsion_LEGAL.pdf,"Following the conference, and whether or not each requested per- son is in attendance after valid attempts to require the person’s at- tendance, the CBC, after considering any mitigating factors under Education Code 37.001(a)(4) [see FO], shall order the placement of the student for a period consistent with the Student Code of Conduct."
total number of disciplinary terms mentioned,FOD_LEGAL_-_Student_Discipline_Expulsion_LEGAL.pdf,"Education Code 37.009(a) [See Student Code of Conduct] Before a student may be expelled, a board or its designee shall provide the student a hearing at which the student is afforded ap- propriate due process as required by the federal constitution and which the student’s parent or guardian is invited, in writing, to at- tend."
number of times expulsion or synonyms is mentioned,FOD_LEGAL_-_Student_Discipline_Expulsion_LEGAL.pdf,"The notice should contain a statement of the specific charges and grounds that, if proven, would justify expulsion."
total number of disciplinary terms mentioned,FOD_LEGAL_-_Student_Discipline_Expulsion_LEGAL.pdf,"[See Student Code of Conduct, item 4, at FO(LE- GAL) for additional mitigating factors.]"
total number of disciplinary terms mentioned,FOD_LEGAL_-_Student_Discipline_Expulsion_LEGAL.pdf,"Education Code 37.009(f) If the period of expulsion is inconsistent with the guidelines on length of expulsion in the Student Code of Conduct, the order must give notice of the inconsistency."
number of times expulsion or synonyms is mentioned,FOD_LEGAL_-_Student_Discipline_Expulsion_LEGAL.pdf,The period of expulsion may not exceed one year unless a district determines that: 1.
number of times expulsion or synonyms is mentioned,FOD_LEGAL_-_Student_Discipline_Expulsion_LEGAL.pdf,"Af- ter such notification, the parent or guardian shall provide adequate supervision for the student during the period of expulsion."
number of times expulsion or synonyms is mentioned,FOD_LEGAL_-_Student_Discipline_Expulsion_LEGAL.pdf,"Educa- tion Code 37.009(g)-(h) Not later than the second business day after the date an expulsion hearing is held, a board or its designee shall deliver a copy of the expulsion order and any information required under Family Code 52.04 to the authorized officer of the juvenile court in the county in which the student resides."
number of times expulsion or synonyms is mentioned,FOD_LEGAL_-_Student_Discipline_Expulsion_LEGAL.pdf,"Education Code 37.007(g) If a student withdraws from a district before an order for expulsion is entered, the principal or board, as appropriate, may complete the proceedings and enter an order."
number of times expulsion or synonyms is mentioned,FOD_LEGAL_-_Student_Discipline_Expulsion_LEGAL.pdf,"If the student subsequently enrolls in the district during the same or subsequent school year, the dis- trict may enforce the order at that time except for any period of the expulsion that has been served by the student in another district that honored the order."
number of times expulsion or synonyms is mentioned,FOD_LEGAL_-_Student_Discipline_Expulsion_LEGAL.pdf,"Ed- ucation Code 37.009(i) If, during the term of expulsion, a student engages in additional conduct for which placement in a DAEP or expulsion is required or permitted, additional proceedings may be conducted and the prin- cipal or board, as appropriate, may enter an additional order."
number of times transfer or referral to juvenile justice program is mentioned,FOD_LEGAL_-_Student_Discipline_Expulsion_LEGAL.pdf,"denied, 368 U.S. 930 (1961) A court may not order an expelled student to attend a regular classroom, a regular campus, or a district DAEP as a condition of probation."
number of times transfer or referral to juvenile justice program is mentioned,FOD_LEGAL_-_Student_Discipline_Expulsion_LEGAL.pdf,"A court may order a student to attend a regular classroom, a regu- lar campus, or a district DAEP if the district has entered into a memorandum of understanding (MOU) with the juvenile board for the county in which the district’s central administrative office is lo- cated, concerning the juvenile probation department’s role in su- pervising and providing other support services for students in DAEPs."
number of times expulsion or synonyms is mentioned,FOD_LEGAL_-_Student_Discipline_Expulsion_LEGAL.pdf,"Education Code 37.010(c) In a county that operates a JJAEP, a district is responsible for pro- viding an immediate educational program to a student who en- gages in behavior for which expulsion is permitted but not required under Education Code 37.007, but who is not eligible for admission into the JJAEP in accordance with an MOU."
number of times transfer or referral to juvenile justice program is mentioned,FOD_LEGAL_-_Student_Discipline_Expulsion_LEGAL.pdf,"After an expelled student has successfully completed any court disposition requirements, including conditions of a deferred prose- cution, or conditions required by the prosecutor or probation de- partment, a district may not refuse to admit the student if the stu- dent meets the requirements for admission."
number of times expulsion or synonyms is mentioned,FOD_LEGAL_-_Student_Discipline_Expulsion_LEGAL.pdf,"Education Code 37.010(f) If a student has been expelled from another school district, the ex- pelling district shall provide to a district in which the student enrolls a copy of the expulsion order and the referral to the authorized offi- cer of the juvenile court."
number of times expulsion or synonyms is mentioned,FOD_LEGAL_-_Student_Discipline_Expulsion_LEGAL.pdf,"A district in which the student enrolls may continue the expulsion under the terms of the order, may place the student in a DAEP for the period specified by the expulsion order, or may allow the student to attend regular classes without complet- ing the period of expulsion."
number of times expulsion or synonyms is mentioned,FOD_LEGAL_-_Student_Discipline_Expulsion_LEGAL.pdf,The out-of-state district provides a copy of the expulsion or- der; and 2.
number of times expulsion or synonyms is mentioned,FOD_LEGAL_-_Student_Discipline_Expulsion_LEGAL.pdf,The grounds for the expulsion are also grounds for expulsion in the district in which the student is enrolling.
number of times expulsion or synonyms is mentioned,FOD_LEGAL_-_Student_Discipline_Expulsion_LEGAL.pdf,Education Code 37.010(g-1) Note:See FOF for provisions concerning expulsion of students with disabilities.
number of times expulsion or synonyms is mentioned,FOD_LEGAL_-_Student_Discipline_Expulsion_LEGAL.pdf,The principal or other appropriate administrator may place a stu- dent who has been expelled under Education Code 37.007 or 37.0081 in a virtual expulsion program established by the district and provide virtual instruction and instructional materials for remote learning to the student only if: 1.
total number of disciplinary terms mentioned,FOD_LEGAL_-_Student_Discipline_Expulsion_LEGAL.pdf,"A school district must ensure that, to the extent practicable in a vir- tual setting, the district's virtual expulsion program complies with the requirements for a disciplinary alternative education program under Education Code 37.008."
number of times expulsion or synonyms is mentioned,FOD_LEGAL_-_Student_Discipline_Expulsion_LEGAL.pdf,"[See FOC] If the principal or other appropriate administrator places a student in a virtual expulsion program under this section, the school district shall ensure that the student has suitable computer equipment and internet access and provide the computer equipment and internet access if necessary."
number of times expulsion or synonyms is mentioned,FOD_LEGAL_-_Student_Discipline_Expulsion_LEGAL.pdf,The principal or other appropriate administrator shall review the placement of a student in a virtual expulsion program at least once every 45 school days after the date the placement begins to deter- mine if continued placement in the program is appropriate.
number of times expulsion or synonyms is mentioned,FOD_LEGAL_-_Student_Discipline_Expulsion_LEGAL.pdf,A student placed in a virtual expulsion program shall be counted toward the district's average daily attendance for purposes of re- ceipt of state funds under the Foundation School Program if the district can confirm the student's daily attendance in the virtual ex- pulsion program.
number of times expulsion or synonyms is mentioned,FOD_LEGAL_-_Student_Discipline_Expulsion_LEGAL.pdf,A district may not require a teacher who provides virtual instruction to students in a virtual expulsion program to provide virtual instruc- tion and in-class instruction for a course during the same class pe- riod.
number of times expulsion or synonyms is mentioned,FOD_LEGAL_-_Student_Discipline_Expulsion_LEGAL.pdf,A teacher may not provide instruction for a virtual expulsion program course unless the teacher has completed a professional development course on virtual instruction.
number of times expulsion or synonyms is mentioned,FOD_LEGAL_-_Student_Discipline_Expulsion_LEGAL.pdf,The commissioner of education shall adopt rules requiring districts to provide basic professional development training for teachers providing instruction in a virtual expulsion program.
total number of drug or alcohol terms mentioned,FOF_LEGAL_-_Student_Discipline_Students_with_Disabilities_LEGAL.pdf,104.35(a) A district may take disciplinary action pertaining to the use or pos- session of illegal drugs or alcohol against any student with a dis- ability who is currently engaging in the illegal use of drugs or in the use of alcohol to the same extent that the district would take disci- plinary action against nondisabled students.
total number of disciplinary terms mentioned,FOF_LEGAL_-_Student_Discipline_Students_with_Disabilities_LEGAL.pdf,Any disciplinary action regarding the student shall be deter- mined in accordance with federal law and regulations.
total number of disciplinary terms mentioned,FOF_LEGAL_-_Student_Discipline_Students_with_Disabilities_LEGAL.pdf,"Education Code 37.004(a)-(b) The methods adopted in the Student Code of Conduct [see FO] for discipline management and for preventing and intervening in stu- dent discipline problems must provide that a student who is en- rolled in the special education program may not be disciplined in a manner that results in a change in the student's educational place- ment for bullying, harassment, or making hit lists until an ARD committee meeting has been held to review the conduct."
total number of disciplinary terms mentioned,FOF_LEGAL_-_Student_Discipline_Students_with_Disabilities_LEGAL.pdf,Education Code 37.001(b-1) A student with a disability who receives special education services may not be placed in a disciplinary alternative education program (DAEP) solely for educational purposes.
total number of disciplinary terms mentioned,FOF_LEGAL_-_Student_Discipline_Students_with_Disabilities_LEGAL.pdf,"Education Code 37.004(c)-(d) School personnel may remove a student with a disability who vio- lates a student code of conduct from his or her current placement to an appropriate interim alternative educational setting, another setting, or suspension, for not more than 10 consecutive school days, to the extent those alternatives are applied to children with- out disabilities."
number of times drug and alcohol use prevention programs are mentioned,FOF_LEGAL_-_Student_Discipline_Students_with_Disabilities_LEGAL.pdf,"300.530(b)(1) After a student has been removed from his or her current place- ment for 10 school days in the same school year, during any sub- sequent removal of 10 consecutive school days or less, school per- sonnel, in consultation with at least one of the student’s teachers, shall determine the extent to which services are needed so as to enable the student to continue to participate in the general educa- tion curriculum, although in another setting, and to progress toward meeting the goals set out in the student’s individualized education program (IEP)."
total number of disciplinary terms mentioned,FOF_LEGAL_-_Student_Discipline_Students_with_Disabilities_LEGAL.pdf,1415(k)(1)(H) Any disciplinary action that would constitute a change in placement may be taken only after the student’s ARD committee conducts a manifestation determination review.
total number of disciplinary terms mentioned,FOF_LEGAL_-_Student_Discipline_Students_with_Disabilities_LEGAL.pdf,"Any disciplinary action regarding the student shall be determined in accordance with federal law and regulations, including laws or reg- ulations requiring the provision of functional behavioral assess- ments; positive behavioral interventions, strategies, and supports; behavioral intervention plans; and the manifestation determination review [see Manifestation Determination, below]."
total number of disciplinary terms mentioned,FOF_LEGAL_-_Student_Discipline_Students_with_Disabilities_LEGAL.pdf,"Education Code 37.004(b) If a district takes a disciplinary action regarding a student with a disability who receives special education services that constitutes a change in placement under federal law, the district shall: 1."
total number of disciplinary terms mentioned,FOF_LEGAL_-_Student_Discipline_Students_with_Disabilities_LEGAL.pdf,"Education Code 37.004(b-1) For purposes of disciplinary removal of a student with a disability, a change in placement occurs if a student is: 1."
number of times any other terms are mentioned that relate to disciplinary approaches to student drug and alcohol use,FOF_LEGAL_-_Student_Discipline_Students_with_Disabilities_LEGAL.pdf,300.536 School personnel may consider any unique circumstances on a case-by-case basis when determining whether to order a change in placement for a student who violates a code of student conduct.
total number of disciplinary terms mentioned,FOF_LEGAL_-_Student_Discipline_Students_with_Disabilities_LEGAL.pdf,"300.530(e) If the determination is that the student’s behavior was not a mani- festation of the student’s disability, school personnel may apply the relevant disciplinary procedures to the student in the same manner and for the same duration as for students without disabilities."
number of times expulsion or synonyms is mentioned,FOF_LEGAL_-_Student_Discipline_Students_with_Disabilities_LEGAL.pdf,"300.530(c) In a county with a juvenile justice alternative education program (JJAEP) [see FODA], a district must invite the administrator of the JJAEP or the administrator’s designee to an ARD committee meet- ing convened to discuss the discretionary expulsion under Educa- tion Code 37.007 of a student with a disability."
number of times expulsion or synonyms is mentioned,FOF_LEGAL_-_Student_Discipline_Students_with_Disabilities_LEGAL.pdf,"300.530(d)(1)-(2) For a student with a disability who was expelled under a discre- tionary expulsion under Education Code 37.007, an ARD commit- tee meeting must be convened to reconsider placement of the stu- dent in the JJAEP if the JJAEP provides written notice to the district of specific concerns that the student’s education or behav- ioral needs cannot be met in JJAEP."
total number of drug or alcohol terms mentioned,FOF_LEGAL_-_Student_Discipline_Students_with_Disabilities_LEGAL.pdf,"Knowingly possesses or uses illegal drugs or sells or solicits the sale of a controlled substance while at school, on school premises, or at a school function under the jurisdiction of TEA or a school district; or 3."
total number of disciplinary terms mentioned,FOF_LEGAL_-_Student_Discipline_Students_with_Disabilities_LEGAL.pdf,"If a district reports a crime, the district shall ensure that copies of the special education and disciplinary records of the student are trans- mitted for consideration by the appropriate authorities to whom the district reported the crime."
total number of disciplinary terms mentioned,FOF_LEGAL_-_Student_Discipline_Students_with_Disabilities_LEGAL.pdf,300.535 [See FL] A student who has not been determined to be eligible for special education and related services and who has engaged in behavior that violated a code of student conduct may assert any of the pro- tections provided for in the IDEA if a district had knowledge that the student had a disability before the behavior that precipitated that disciplinary action occurred.
total number of disciplinary terms mentioned,FOF_LEGAL_-_Student_Discipline_Students_with_Disabilities_LEGAL.pdf,"300.534(a) A district shall be deemed to have knowledge that a student has a disability if, before the behavior that precipitated the disciplinary ac- tion occurred: 1."
total number of disciplinary terms mentioned,FOF_LEGAL_-_Student_Discipline_Students_with_Disabilities_LEGAL.pdf,"However, if a request is made for an evaluation during the time pe- riod in which the student is subjected to disciplinary measures, the evaluation shall be conducted in an expedited manner."
number of times suspension or synonyms are mentioned,FOF_LEGAL_-_Student_Discipline_Students_with_Disabilities_LEGAL.pdf,"Until the evaluation is completed, the student shall remain in the educational placement determined by school authorities, which can include suspension or expulsion without educational services."
number of times police or school resource officers are mentioned,FOF_LEGAL_-_Student_Discipline_Students_with_Disabilities_LEGAL.pdf,"Provides, as a school resource officer, a regular police pres- ence on a district campus under a memorandum of under- standing between the district and a local law enforcement agency."
number of times transfer or referral to juvenile justice program is mentioned,FOF_LEGAL_-_Student_Discipline_Students_with_Disabilities_LEGAL.pdf,"Juvenile probation, detention, or corrections personnel; or 3."
total number of drug or alcohol terms mentioned,GKD_LOCAL_-_Community_Relations_Nonschool_Use_of_School_Facilities_LOCAL.pdf,"Abide by all laws and policies, including but not limited to those prohibiting the use, sale, or possession of alcoholic beverages, illegal drugs, and firearms and the use of tobacco products or e-cigarettes on school property."
total number of drug or alcohol terms mentioned,GRAA_LEGAL_-_State_and_Local_Governmental_Authorities_Law_Enforcement_Agencies_LEGAL.pdf,"The use, sale, or possession of a controlled substance, drug paraphernalia, or marijuana, as defined by Health and Safety Code 481."
total number of health or treatment terms mentioned,GRAA_LEGAL_-_State_and_Local_Governmental_Authorities_Law_Enforcement_Agencies_LEGAL.pdf,"The principal may designate a school employee, other than a school counselor, who is under the supervision of the principal to make the report."
total number of disciplinary terms mentioned,GRAA_LEGAL_-_State_and_Local_Governmental_Authorities_Law_Enforcement_Agencies_LEGAL.pdf,A person who takes any action under this provi- sion is immune from civil or criminal liability or disciplinary action resulting from that action.
number of times transfer or referral to juvenile justice program is mentioned,GRAA_LEGAL_-_State_and_Local_Governmental_Authorities_Law_Enforcement_Agencies_LEGAL.pdf,"Education Code 37.0151 As described below, representatives of the juvenile justice system shall provide notice to a district when: 1."
number of time transfer or referral to disciplinary alternative school is mentioned,GRAA_LEGAL_-_State_and_Local_Governmental_Authorities_Law_Enforcement_Agencies_LEGAL.pdf,"A student on parole, probation, or community supervision transfers into or reenrolls in a district [see Transfer Students, below]."
total number of drug or alcohol terms mentioned,GRAA_LEGAL_-_State_and_Local_Governmental_Authorities_Law_Enforcement_Agencies_LEGAL.pdf,"The unlawful use, sale, or possession of a controlled substance, drug paraphernalia, or marijuana, as defined by Health and Safety Code Chapter 481; and c. The unlawful possession of any of the weapons or de- vices listed in Penal Code 46.01(1)–(3), (5)–(7), (9)–(14), or (16), or a weapon listed as a prohibited weapon under Penal Code 46.05."
number of times arrest or synonyms are mentioned,GRAA_LEGAL_-_State_and_Local_Governmental_Authorities_Law_Enforcement_Agencies_LEGAL.pdf,"Code of Criminal Procedure 15.27(i) If a law enforcement agency arrests a person or refers a child to the juvenile board for an offense specified at Reportable Offenses, and the agency believes the person is enrolled as a student in a public school, the head of the agency or designee shall orally notify the superintendent or designee in the district in which the student is enrolled, or believed to be enrolled, of the arrest or referral."
number of times arrest or synonyms are mentioned,GRAA_LEGAL_-_State_and_Local_Governmental_Authorities_Law_Enforcement_Agencies_LEGAL.pdf,"The notice shall be provided within 24 hours after the arrest or referral is made or before the next school day, whichever is earlier."
number of times arrest or synonyms are mentioned,GRAA_LEGAL_-_State_and_Local_Governmental_Authorities_Law_Enforcement_Agencies_LEGAL.pdf,Both the oral and written notice shall contain sufficient details of the arrest or referral and the acts allegedly committed by the stu- dent to enable a superintendent or designee to determine whether there is a reasonable belief that the student has engaged in con- duct defined as a felony offense by the Penal Code or whether it is necessary to conduct a threat assessment or prepare a safety plan related to the student.
number of times transfer or referral to juvenile justice program is mentioned,GRAA_LEGAL_-_State_and_Local_Governmental_Authorities_Law_Enforcement_Agencies_LEGAL.pdf,"Code of Criminal Procedure 15.27(g); Education Code 37.006(h) If a juvenile justice agency has jurisdiction over a student who is arrested, referred, convicted, or adjudicated for a reportable of- fense and the student transfers from a school or is subsequently removed from a school and later returned to a school or district other than the one the student was enrolled in when the arrest, re- ferral, conviction, or adjudication occurred, the juvenile justice agency shall notify the superintendent or designee of the district to which the student transfers or is returned."
number of times transfer or referral to juvenile justice program is mentioned,GRAA_LEGAL_-_State_and_Local_Governmental_Authorities_Law_Enforcement_Agencies_LEGAL.pdf,"The juvenile justice agency shall provide notice of an arrest or re- ferral in a manner similar to that provided above, at Arrest."
number of time transfer or referral to disciplinary alternative school is mentioned,GRAA_LEGAL_-_State_and_Local_Governmental_Authorities_Law_Enforcement_Agencies_LEGAL.pdf,"In either case, notice shall be provided within 24 hours of learning of the student’s transfer or reenrollment, or before the next school day, whichever is earlier."
total number of disciplinary terms mentioned,BBE_LEGAL_-_Board_Members_Authority_LEGAL.pdf,"Education Code 11.1512(g) A local officer, including a school board member, may not be sub- ject to disciplinary action or a sanction, penalty, disability, or liability for: 1."
total number of drug or alcohol terms mentioned,BJCF_LOCAL_-_Superintendent_Nonrenewal_LOCAL.pdf,"Drunkenness or excessive use of alcoholic beverages; or possession, use, or being under the influence of alcohol or al- coholic b everages while on District property, while working in the scope of the employee ’s duties, or while attending any school - or District -sponsored activity."
total number of drug or alcohol terms mentioned,BJCF_LOCAL_-_Superintendent_Nonrenewal_LOCAL.pdf,"The illegal possession, use, manufacture, or distribution of a controlled substance, a drug, a dangerou s drug, hallucino- gens, or other substances regulated by state statutes."
number of times arrest or synonyms are mentioned,BJCF_LOCAL_-_Superintendent_Nonrenewal_LOCAL.pdf,"Failure to report to the Board any arrest, indictment, convic- tion, no contest or guilty plea, or other adjudication fo r any fel- ony, any crime involving moral turpitude, or other offense listed at DH(LOCAL)."
number of times transfer or referral to recovery schools are mentioned,BQ_LEGAL_-_Planning_and_Decision-Making_Process_LEGAL.pdf,Education Code 11.251(a) Each district participating in a shared services arrangement for dis- ciplinary alternative education program (DAEP) services shall be responsible for ensuring that the board-approved district improve- ment plan and the improvement plans for each campus include the performance of the DAEP student group for the respective district.
number of times restorative justice approaches or synonyms are mentioned,BQ_LEGAL_-_Planning_and_Decision-Making_Process_LEGAL.pdf,"b. Evidence-based practices that address the needs of stu- dents for special programs, including: (1) Suicide prevention programs, in accordance with Education Code Chapter 38, Subchapter G, which include a parental or guardian notification proce- dure [see FFEB]; (2) Conflict resolution programs; (3) Violence prevention programs; and (4) Dyslexia treatment programs."
number of times trauma-informed care or synonyms are mentioned,BQ_LEGAL_-_Planning_and_Decision-Making_Process_LEGAL.pdf,"e. Positive behavior interventions and support, including in- terventions and support that integrate best practices on grief-informed and trauma-informed care."
number of times trauma-informed care or synonyms are mentioned,BQ_LEGAL_-_Planning_and_Decision-Making_Process_LEGAL.pdf,The trauma-informed care policy required under Education Code 38.036.
total number of health or treatment terms mentioned,BQ_LEGAL_-_Planning_and_Decision-Making_Process_LEGAL.pdf,"Education Code 37.0832(d)(2) [See FFI] The practices and procedures developed under Education Code 38.351(i) or (i-1) (mental health promotion and intervention, sub- stance abuse prevention and intervention, and suicide prevention) must be included in the district improvement plan."
total number of health or treatment terms mentioned,CKEA_LEGAL_-_Security_Personnel_Commissioned_Peace_Officers_LEGAL.pdf,"For information on mental health leave, quarantine leave, and line of duty leave for peace officers, see DEC. Any peace officer commissioned by the board must meet all mini- mum standards for peace officers established by the Texas Com- mission on Law Enforcement (TCOLE)."
number of time transfer or referral to disciplinary alternative school is mentioned,CKEA_LEGAL_-_Security_Personnel_Commissioned_Peace_Officers_LEGAL.pdf,"If the Texas Facilities Commission determines that the state’s ef- forts to secure its international border and combat transnational crime will sufficiently benefit from the donation of the surplus motor vehicles and other law enforcement equipment of the Department of Public Safety to a school district located in an economically dis- advantaged area of this state, it may transfer the property to the district at a price or for other consideration agreed to by the com- mission and the district."
number of times arrest or synonyms are mentioned,CKEA_LEGAL_-_Security_Personnel_Commissioned_Peace_Officers_LEGAL.pdf,"Occupations Code 2B.0101(1), .0106, .0107 A law enforcement agency may not release any portion of a recording made in a private space, or of a recording involving the investigation of conduct that constitutes a misdemeanor punishable by fine only and does not result in arrest, without written authoriza- tion from the person who is the subject of that portion of the record- ing or, if the person is deceased, from the person’s authorized rep- resentative."
total number of drug or alcohol terms mentioned,CKEA_LEGAL_-_Security_Personnel_Commissioned_Peace_Officers_LEGAL.pdf,The mental health crisis or substance abuse issue is sus- pected to be the reason the person committed the alleged of- fense.
total number of drug or alcohol terms mentioned,CKEA_LEGAL_-_Security_Personnel_Commissioned_Peace_Officers_LEGAL.pdf,"An epinephrine delivery system is a medical delivery device ap- proved by the United States Food and Drug Administration that de- livers a dose of epinephrine intended for use to treat anaphylaxis, including an epinephrine auto-injector and an epinephrine nasal spray."
total number of disciplinary terms mentioned,CKEA_LEGAL_-_Security_Personnel_Commissioned_Peace_Officers_LEGAL.pdf,Disciplinary action may not be taken against the officer unless a copy of the signed complaint is given to the officer.
total number of drug or alcohol terms mentioned,DBAA_LEGAL_-_Employment_Requirements_and_Restrictions_Pre-Employment_Reviews_LEGAL.pdf,Education Code 22A.152-.153 The U.S. Department of Transportation (DOT) operates and main- tains a national clearinghouse for records relating to alcohol and controlled substances testing of commercial motor vehicle operators in order to improve compliance with DOT's alcohol and controlled substances testing program applicable to commercial motor vehicle operators [see DHE] and to enhance the safety of roadways by reducing accidents and injuries involving the misuse of alcohol or use of controlled substances by operators of commer- cial motor vehicles.
total number of drug or alcohol terms mentioned,DBAA_LEGAL_-_Employment_Requirements_and_Restrictions_Pre-Employment_Reviews_LEGAL.pdf,31306a A district must not employ a driver subject to controlled substances and alcohol testing under 49 C.F.R.
total number of drug or alcohol terms mentioned,DBAA_LEGAL_-_Employment_Requirements_and_Restrictions_Pre-Employment_Reviews_LEGAL.pdf,Part 382 to perform a safety- sensitive function without first conducting a pre-employment query of the federal Drug and Alcohol Clearinghouse to obtain informa- tion about the driver’s previous test results.
total number of drug or alcohol terms mentioned,DBAA_LEGAL_-_Employment_Requirements_and_Restrictions_Pre-Employment_Reviews_LEGAL.pdf,A district must conduct a query of the federal Drug and Alcohol Clearinghouse at least once per year for information for all employ- ees subject to controlled substance and alcohol testing under 49 C.F.R.
total number of drug or alcohol terms mentioned,DECA_LEGAL_-_Leaves_and_Absences_Family_and_Medical_Leave_LEGAL.pdf,"825.112 For provisions regarding treatment for substance abuse, see 29 C.F.R."
number of time transfer or referral to disciplinary alternative school is mentioned,DECA_LEGAL_-_Leaves_and_Absences_Family_and_Medical_Leave_LEGAL.pdf,"825.102, .202 If an employee requests intermittent or reduced schedule leave that is foreseeable based on planned medical treatment, a district may require the employee to transfer temporarily to an available al- ternative position for which the employee is qualified and which better accommodates recurring periods of leave than does the em- ployee's regular position."
number of time transfer or referral to disciplinary alternative school is mentioned,DECA_LEGAL_-_Leaves_and_Absences_Family_and_Medical_Leave_LEGAL.pdf,"825.600 If an instructional employee does not give required notice of fore- seeable leave to be taken intermittently or on a reduced schedule, a district may require the employee to take leave of a particular du- ration or to transfer temporarily to an alternative position."
number of time transfer or referral to disciplinary alternative school is mentioned,DECA_LEGAL_-_Leaves_and_Absences_Family_and_Medical_Leave_LEGAL.pdf,"To transfer temporarily to an available alternative position for which the employee is qualified, which has equivalent pay and benefits and which better accommodates recurring peri- ods of leave than does the employee's regular position."
total number of drug or alcohol terms mentioned,DFBB_LOCAL_-_Term_Contracts_Nonrenewal_LOCAL.pdf,"Drunkenness or excessive use of alcoholic beverages; or possession, use, or being under the influence of alcohol or al- coholic beverages while on District property, while working in the scope of the employee’s duties, or while attending any school- or District-sponsored activity."
total number of drug or alcohol terms mentioned,DFBB_LOCAL_-_Term_Contracts_Nonrenewal_LOCAL.pdf,"The illegal possession, use, manufacture, or distribution of a controlled substance, a drug, a dangerous drug, hallucino- gens, or other substances regulated by state statutes."
total number of drug or alcohol terms mentioned,DGBA_LEGAL_-_Personnel-Management_Relations_Employee_Complaints_Grievances_LEGAL.pdf,"Education Code 11.171(a), (c) A district’s grievance policy must permit an employee who reports a grievance to make an audio recording of any meeting or pro- ceeding at which the substance of a grievance that complies with the policy is investigated or discussed."
number of times suspension or synonyms are mentioned,DGBA_LEGAL_-_Personnel-Management_Relations_Employee_Complaints_Grievances_LEGAL.pdf,"19 TAC 157.1073(d) Before bringing suit, an employee who seeks relief under Govern- ment Code Chapter 554 (whistleblowers) must initiate action under a district’s grievance or appeal procedures relating to suspension or termination of employment or adverse personnel action."
total number of health or treatment terms mentioned,DGC_LEGAL_-_Employee_Rights_and_Privileges_Immunity_LEGAL.pdf,"“Professional employee of a district” includes a superintendent; principal; teacher, including a substitute teacher or a teacher em- ployed by a company that contracts with a district to provide the teacher’s services to the district; a supervisor; social worker; school counselor; nurse; teacher’s aide; a student in an education preparation program participating in a field experience or intern- ship; a DPS-certified school bus driver, and any other person whose employment requires certification and the exercise of dis- cretion."
total number of drug or alcohol terms mentioned,DGC_LEGAL_-_Employee_Rights_and_Privileges_Immunity_LEGAL.pdf,"Marijuana or a controlled substance, as defined by the Texas Controlled Substances Act."
total number of drug or alcohol terms mentioned,DGC_LEGAL_-_Employee_Rights_and_Privileges_Immunity_LEGAL.pdf,"A dangerous drug, as defined by the Texas Dangerous Drug Act."
total number of disciplinary terms mentioned,DGC_LEGAL_-_Employee_Rights_and_Privileges_Immunity_LEGAL.pdf,Education Code 38.0041 [See DG regarding protection from disciplinary proceedings] A member of an attendance committee is not personally liable for any act or omission arising out of duties as a member of an atten- dance committee.
total number of disciplinary terms mentioned,DGC_LEGAL_-_Employee_Rights_and_Privileges_Immunity_LEGAL.pdf,"Education Code 25.092(c) A district, a board, and its employees shall be immune from civil li- ability and administrative disciplinary action for damages or injuries resulting from the administration of medication to a student in ac- cordance with Education Code 22.052."
total number of disciplinary terms mentioned,DGC_LEGAL_-_Employee_Rights_and_Privileges_Immunity_LEGAL.pdf,"Gov’t Code 418.006, 437.222 A professional employee of a school district may not be subject to disciplinary proceedings for: 1."
total number of disciplinary terms mentioned,DGC_LEGAL_-_Employee_Rights_and_Privileges_Immunity_LEGAL.pdf,“Disciplinary proceeding” means: 1.
total number of disciplinary terms mentioned,DGC_LEGAL_-_Employee_Rights_and_Privileges_Immunity_LEGAL.pdf,Code 148.003(a)Immunity for Mental Health First Aid Immunity for Shelter Workers Immunity for Disciplinary Actions Liability for Causing Exposure to Pandemic Disease
total number of disciplinary terms mentioned,DHB_LEGAL_-_Employee_Standards_of_Conduct_Reports_to_State_Board_for_Educator_Certification_LEGAL.pdf,"[See AF] The superintendent may notify the State Board for Educator Certifi- cation (SBEC) of any educator misconduct that he or she believes in good faith may be subject to sanctions under 19 Administrative Code, Chapter 249, Disciplinary Proceedings, Sanctions, and Con- tested Cases, and/or Chapter 247, Educators' Code of Ethics."
total number of drug or alcohol terms mentioned,DHB_LEGAL_-_Employee_Standards_of_Conduct_Reports_to_State_Board_for_Educator_Certification_LEGAL.pdf,"The current use by a person of a controlled substance as de- fined by Chapter 481, Health and Safety Code, in a manner or to the extent that the use results in physical, mental, or emo- tional injury to a child; 9."
total number of drug or alcohol terms mentioned,DHB_LEGAL_-_Employee_Standards_of_Conduct_Reports_to_State_Board_for_Educator_Certification_LEGAL.pdf,Providing the student with drugs or alcohol.
total number of drug or alcohol terms mentioned,DHE_LEGAL_-_Employee_Standards_of_Conduct_Searches_and_Alcohol_Drug_Testing_LEGAL.pdf,"Skinner v. Railway Labor Executives Ass’n, 489 U.S. 602 (1989) A district may conduct drug tests, without a warrant and without in- dividualized suspicion, when the test serves special governmental needs that outweigh the individual’s privacy expectation."
total number of drug or alcohol terms mentioned,DHE_LEGAL_-_Employee_Standards_of_Conduct_Searches_and_Alcohol_Drug_Testing_LEGAL.pdf,382.107 A district shall ensure that all alcohol or controlled substances test- ing conducted under 49 C.F.R.
total number of drug or alcohol terms mentioned,DHE_LEGAL_-_Employee_Standards_of_Conduct_Searches_and_Alcohol_Drug_Testing_LEGAL.pdf,Pre-employment controlled substance tests required under 49 C.F.R.
total number of drug or alcohol terms mentioned,DHE_LEGAL_-_Employee_Standards_of_Conduct_Searches_and_Alcohol_Drug_Testing_LEGAL.pdf,Post-accident alcohol or controlled substance tests required under 49 C.F.R.
total number of drug or alcohol terms mentioned,DHE_LEGAL_-_Employee_Standards_of_Conduct_Searches_and_Alcohol_Drug_Testing_LEGAL.pdf,Random alcohol or controlled substances tests required un- der 49 C.F.R.
total number of drug or alcohol terms mentioned,DHE_LEGAL_-_Employee_Standards_of_Conduct_Searches_and_Alcohol_Drug_Testing_LEGAL.pdf,Reasonable suspicion alcohol or controlled substance tests required under 49 C.F.R.
total number of drug or alcohol terms mentioned,DHE_LEGAL_-_Employee_Standards_of_Conduct_Searches_and_Alcohol_Drug_Testing_LEGAL.pdf,Return-to-duty alcohol or controlled substances tests required under 49 C.F.R.
total number of drug or alcohol terms mentioned,DHE_LEGAL_-_Employee_Standards_of_Conduct_Searches_and_Alcohol_Drug_Testing_LEGAL.pdf,Follow-up alcohol or controlled substance tests required un- der 49 C.F.R.
total number of drug or alcohol terms mentioned,DHE_LEGAL_-_Employee_Standards_of_Conduct_Searches_and_Alcohol_Drug_Testing_LEGAL.pdf,382.211 A district is not required to provide an evaluation by a substance abuse professional or any subsequent recommended education or treatment for an employee who has violated a drug and alcohol regulation of the DOT.
total number of drug or alcohol terms mentioned,DHE_LEGAL_-_Employee_Standards_of_Conduct_Searches_and_Alcohol_Drug_Testing_LEGAL.pdf,"However, if a district offers an employee an opportunity to return to a safety-sensitive duty following a violation, the district must, be- fore the employee again performs that duty, ensure that the em- ployee receives an evaluation by a substance abuse professional and that the employee successfully complies with the profes- sional’s evaluation recommendations."
total number of drug or alcohol terms mentioned,DHE_LEGAL_-_Employee_Standards_of_Conduct_Searches_and_Alcohol_Drug_Testing_LEGAL.pdf,"40.289 If a district permits an employee who has violated a DOT drug and alcohol regulation to return to safety-sensitive functions, the district must ensure that the employee takes a return-to-duty test."
total number of drug or alcohol terms mentioned,DHE_LEGAL_-_Employee_Standards_of_Conduct_Searches_and_Alcohol_Drug_Testing_LEGAL.pdf,This test cannot occur until after the substance abuse professional has de- termined that the employee has successfully complied with pre- scribed education and/or treatment.
total number of drug or alcohol terms mentioned,DHE_LEGAL_-_Employee_Standards_of_Conduct_Searches_and_Alcohol_Drug_Testing_LEGAL.pdf,The employee must have a negative drug test result and/or an alcohol test with an alcohol con- centration of less than 0.02 before resuming performance of safety-sensitive duties.
total number of drug or alcohol terms mentioned,DHE_LEGAL_-_Employee_Standards_of_Conduct_Searches_and_Alcohol_Drug_Testing_LEGAL.pdf,The district shall ensure that a copy of these materials is distributed to each driver before the start of alcohol and controlled substances testing under 49 C.F.R.
total number of drug or alcohol terms mentioned,DHE_LEGAL_-_Employee_Standards_of_Conduct_Searches_and_Alcohol_Drug_Testing_LEGAL.pdf,"A valid positive result on an alcohol or drug test performed and whether the specimen producing the result was a dilute specimen, as defined by 49 C.F.R."
total number of drug or alcohol terms mentioned,DHE_LEGAL_-_Employee_Standards_of_Conduct_Searches_and_Alcohol_Drug_Testing_LEGAL.pdf,A refusal to provide a specimen for an alcohol or drug test; or 3.
total number of drug or alcohol terms mentioned,DHE_LEGAL_-_Employee_Standards_of_Conduct_Searches_and_Alcohol_Drug_Testing_LEGAL.pdf,"40.3, on an alcohol or drug test."
total number of disciplinary terms mentioned,DHE_LOCAL_-_Employee_Standards_of_Conduct_Searches_and_Alcohol_Drug_Testing_LOCAL.pdf,Searches that reveal a violation of the District’s standards of conduct may result in disciplinary action.
total number of drug or alcohol terms mentioned,DHE_LOCAL_-_Employee_Standards_of_Conduct_Searches_and_Alcohol_Drug_Testing_LOCAL.pdf,[See DH] The District may remove an employee from duty and require test- ing if there is reasonable suspicion that the employee is under the influence of alcohol or drugs used in violation of District policy.
total number of drug or alcohol terms mentioned,DHE_LOCAL_-_Employee_Standards_of_Conduct_Searches_and_Alcohol_Drug_Testing_LOCAL.pdf,Any e mployee who is asked to submit to drug or alco- hol screening shall be given the opportunity to provide relevant in- formation about prescription or nonprescription medications that may affect the screening.
total number of disciplinary terms mentioned,DHE_LOCAL_-_Employee_Standards_of_Conduct_Searches_and_Alcohol_Drug_Testing_LOCAL.pdf,"A District employee who refus es to comply with a dir ective to sub- mit to testing based upon reasonable suspicion shall be subject to disciplinary action, up to and including termination."
total number of drug or alcohol terms mentioned,DHE_LOCAL_-_Employee_Standards_of_Conduct_Searches_and_Alcohol_Drug_Testing_LOCAL.pdf,A District employee confirmed to have violated the District’s policy pertaining to alcohol or drugs may be subject to disc iplinary action .
total number of drug or alcohol terms mentioned,DHE_LOCAL_-_Employee_Standards_of_Conduct_Searches_and_Alcohol_Drug_Testing_LOCAL.pdf,"In accordance with DOT rules, the District shall estab lish an alco- hol and controlled substances testing program to help prevent ac- cidents and injuries resulting from the misuse of alcohol and con- trolled substances by the drivers of commercial motor vehicles, including school buses."
total number of drug or alcohol terms mentioned,DHE_LOCAL_-_Employee_Standards_of_Conduct_Searches_and_Alcohol_Drug_Testing_LOCAL.pdf,"The Superintendent shall designate a District official who shall be responsible for ensuring that information is disseminated to em- ployees covered under this testi ng program regarding prohibited driver conduct, alcohol and controlled substances tests, and the consequences that follow positive test results."
total number of drug or alcohol terms mentioned,DHE_LOCAL_-_Employee_Standards_of_Conduct_Searches_and_Alcohol_Drug_Testing_LOCAL.pdf,Refusing to submit to a required test for alcohol or controlled substances.
total number of drug or alcohol terms mentioned,DHE_LOCAL_-_Employee_Standards_of_Conduct_Searches_and_Alcohol_Drug_Testing_LOCAL.pdf,"Providing an adulterated, diluted, or a substituted specimen on an alcohol or controlled substances test."
total number of drug or alcohol terms mentioned,DHE_LOCAL_-_Employee_Standards_of_Conduct_Searches_and_Alcohol_Drug_Testing_LOCAL.pdf,"Testing positive for alcohol, at a concentration of 0.04 or above, i n a post -accident test."
total number of drug or alcohol terms mentioned,DHE_LOCAL_-_Employee_Standards_of_Conduct_Searches_and_Alcohol_Drug_Testing_LOCAL.pdf,"Testing positive for alcohol, at a concentration of 0.04 or above, in a random test."
total number of drug or alcohol terms mentioned,DHE_LOCAL_-_Employee_Standards_of_Conduct_Searches_and_Alcohol_Drug_Testing_LOCAL.pdf,"Testing positive f or alcohol, at a concentration of 0.04 or above, in a required follow -up test."
total number of drug or alcohol terms mentioned,DHE_LOCAL_-_Employee_Standards_of_Conduct_Searches_and_Alcohol_Drug_Testing_LOCAL.pdf,"Testing positive for alcohol, at a concentration of 0.04 or above, in a reasonable suspicion test."
total number of drug or alcohol terms mentioned,DHE_LOCAL_-_Employee_Standards_of_Conduct_Searches_and_Alcohol_Drug_Testing_LOCAL.pdf,"An employee who operates a commercial motor vehicle, including a bus, and commits a drug -related DOT violation as defined above may be reinstated as a driver if he or she successfully co mpletes a return -to-duty test."
total number of drug or alcohol terms mentioned,DHE_LOCAL_-_Employee_Standards_of_Conduct_Searches_and_Alcohol_Drug_Testing_LOCAL.pdf,"In accordance with DOT rules, a driver tested under this policy and found to have an alcohol concentration of 0.02 or greater, but less than 0.04, shall be suspended from driving duties for at least 24 hours."
total number of drug or alcohol terms mentioned,DHE_LOCAL_-_Employee_Standards_of_Conduct_Searches_and_Alcohol_Drug_Testing_LOCAL.pdf,"[In the event of a subsequent positive test result for alcohol of 0.02 or greater but less than 0.04, see the disciplinary consequences at District -Imposed Consequences, below.]"
total number of drug or alcohol terms mentioned,DHE_LOCAL_-_Employee_Standards_of_Conduct_Searches_and_Alcohol_Drug_Testing_LOCAL.pdf,"Within 24 hours of the ob- served behavior, the sup ervisor shall provide a signed, written rec- ord documenting the observations leading to a controlled substance reasonable suspicion test."
total number of drug or alcohol terms mentioned,DHE_LOCAL_-_Employee_Standards_of_Conduct_Searches_and_Alcohol_Drug_Testing_LOCAL.pdf,"In addition to the consequences established by federal law, a Dis- trict employee confirmed to have violated the District’s policy per- taining to alcohol or controlled substances, including a second or subsequent positive test result for alcohol of 0.02 or greater but less than 0.04, shall be subject to District -imposed discipline, as determined by his or her supervisor and the Superintendent."
number of times suspension or synonyms are mentioned,DHE_LOCAL_-_Employee_Standards_of_Conduct_Searches_and_Alcohol_Drug_Testing_LOCAL.pdf,"Such discipline may include any appropriate action from suspension without pay during the period of removal from safety -sensitive func- tions, up to and including termination of employment."
total number of drug or alcohol terms mentioned,DHE_LOCAL_-_Employee_Standards_of_Conduct_Searches_and_Alcohol_Drug_Testing_LOCAL.pdf,"[See DF se- ries] In cases where a driver is also employed in a nondriving capacity by the District, disciplinary action imposed for violation of alcohol and controlled substances policies shall apply to the employee’s functions and duties that involve driving."
total number of disciplinary terms mentioned,DHE_LOCAL_-_Employee_Standards_of_Conduct_Searches_and_Alcohol_Drug_Testing_LOCAL.pdf,"Additionally, u pon recom- mendation of the employee’s supervisor, disciplinary measures up to and including termination of employment with the District may be considered."
total number of disciplinary terms mentioned,DH_EXHIBIT_-_Employee_Standards_of_Conduct_EXHIBIT.pdf,"The educator shall not intentionally, knowingly, or recklessly misrepres ent his or her employment history, criminal history, and/or disciplinary record when applying for sub- sequent employment."
total number of drug or alcohol terms mentioned,DH_EXHIBIT_-_Employee_Standards_of_Conduct_EXHIBIT.pdf,The educator shall not be under the influence of alcohol or consume alcoholic beverages on school property or during school activities when students are present.
total number of disciplinary terms mentioned,DH_EXHIBIT_-_Employee_Standards_of_Conduct_EXHIBIT.pdf,The educator shall not retaliate against any in dividual who has filed a com- plaint with the SBEC or who provides information for a disciplinary investigation or proceed- ing under this chapter.
total number of health or treatment terms mentioned,DH_EXHIBIT_-_Employee_Standards_of_Conduct_EXHIBIT.pdf,"The educator shall not intentionally, knowingly, o r recklessly treat a student or minor in a manner that adversely affects or endangers the learning, physical health, mental health, or safety of the student or minor."
total number of drug or alcohol terms mentioned,DH_EXHIBIT_-_Employee_Standards_of_Conduct_EXHIBIT.pdf,The educator shall not furnish alcohol or illegal/unauthorized drugs to any per- son under 21 years of age unless the educator is a parent or guardian of that child or know- ingly allow any person under 21 years of age unless the educator is a parent or guardian of that child to consume alcohol or illegal/unauthorized drugs in the presence of the educator.
total number of health or treatment terms mentioned,DH_LEGAL_-_Employee_Standards_of_Conduct_LEGAL.pdf,"Education Code 21.041(b)(8); 19 TAC 247.1(b), (c) Any person who has reasonable cause to believe that a child’s physical or mental health or welfare has been adversely affected by abuse or neglect by any person shall immediately make a report as required by law."
number of time transfer or referral to disciplinary alternative school is mentioned,DH_LEGAL_-_Employee_Standards_of_Conduct_LEGAL.pdf,Forward or transfer the public information to the district or a district server to be preserved as provided by Government Code 552.004(a); or 2.
total number of drug or alcohol terms mentioned,DH_LEGAL_-_Employee_Standards_of_Conduct_LEGAL.pdf,Edu- cation Code 38.007(a) A district that receives a direct federal grant must agree to provide a drug-free workplace by: 1.
total number of drug or alcohol terms mentioned,DH_LEGAL_-_Employee_Standards_of_Conduct_LEGAL.pdf,"Publishing a statement notifying employees that the unlawful manufacture, distribution, dispensation, possession, or use of a controlled substance is prohibited in the district’s workplace and specifying the actions that will be taken against employ- ees for violations of the prohibition; 2."
total number of drug or alcohol terms mentioned,DH_LEGAL_-_Employee_Standards_of_Conduct_LEGAL.pdf,Establishing a drug-free awareness program to inform em- ployees about: a.
total number of drug or alcohol terms mentioned,DH_LEGAL_-_Employee_Standards_of_Conduct_LEGAL.pdf,The dangers of drug abuse in the workplace; b.
total number of drug or alcohol terms mentioned,DH_LEGAL_-_Employee_Standards_of_Conduct_LEGAL.pdf,"The district’s policy of maintaining a drug-free workplace; c. Available drug counseling, rehabilitation, and employee assistance programs; and d. The penalties that may be imposed on employees for drug abuse violations; 3."
total number of drug or alcohol terms mentioned,DH_LEGAL_-_Employee_Standards_of_Conduct_LEGAL.pdf,Notify the district of any criminal drug statute conviction for a violation occurring in the workplace no later than 5 days after the conviction; 5.
total number of drug or alcohol terms mentioned,DH_LEGAL_-_Employee_Standards_of_Conduct_LEGAL.pdf,"Imposing a sanction on, or requiring the satisfactory participa- tion in a drug abuse assistance or rehabilitation program by, any employee who is convicted, as required by 41 U.S.C."
total number of drug or alcohol terms mentioned,DH_LEGAL_-_Employee_Standards_of_Conduct_LEGAL.pdf,Making a good faith effort to continue to maintain a drug-free workplace through implementation of the above requirements.
total number of disciplinary terms mentioned,DH_LOCAL_-_Employee_Standards_of_Conduct_LOCAL.pdf,"Violation of any policies, regulations, or guidelines, including intentionally making a false claim, offering a false statement, or refusing to cooperate with a District investigation, may result in disciplinary action, including ter- mination of employment."
total number of health or treatment terms mentioned,DH_LOCAL_-_Employee_Standards_of_Conduct_LOCAL.pdf,"In accordance with ethical standards applicable to all District em- ployees [see DH(EXHIBIT)], an employee shall be prohibited from using electronic communications in a manner that constitutes pro- hibited harassment or abuse of a District student; adversely affects the student’s learning, mental health, or safety; includes threats of violence against the student; reveals confidential information about the student; or constitutes an inappropriate communication with a student, as described in the Educators’ Code of Ethics."
total number of disciplinary terms mentioned,DH_LOCAL_-_Employee_Standards_of_Conduct_LOCAL.pdf,"If an employee’s use of electronic communication violates state or federal law or District policy, or interferes with the em- ployee’s ability to effectively perform his or her job duties, the em- ployee is subject to disciplinary action, up to and including termina- tion of employment."
total number of disciplinary terms mentioned,DH_LOCAL_-_Employee_Standards_of_Conduct_LOCAL.pdf,"An employee shall be subject to disciplinary action, including termi- nation of employment, if the employee, intentionally or knowingly: •Engages in diversity, equity, and inclusion (DEI) duties."
total number of drug or alcohol terms mentioned,DH_LOCAL_-_Employee_Standards_of_Conduct_LOCAL.pdf,"An employee is also prohibited from possessing or using any type of nicotine product, including nicotine pouches, regardless of whether the product con- tains tobacco, while on District property, in a District vehicle, or while attending an off-campus school-related activity."
total number of drug or alcohol terms mentioned,DH_LOCAL_-_Employee_Standards_of_Conduct_LOCAL.pdf,"As a condition of employment, an employee shall abide by the terms of the following drug-free workplace provisions."
total number of drug or alcohol terms mentioned,DH_LOCAL_-_Employee_Standards_of_Conduct_LOCAL.pdf,"An employee shall notify the Superintendent in writing if the employee is con- victed for a violation of a criminal drug statute occurring in the workplace in accordance with Arrests, Indictments, Convictions, and Other Adjudications, below."
total number of drug or alcohol terms mentioned,DH_LOCAL_-_Employee_Standards_of_Conduct_LOCAL.pdf,"Any controlled substance or dangerous drug as defined by law, including but not limited to marijuana, any narcotic drug, hallucinogen, stimulant, depressant, amphetamine, or barbitu- rate."
total number of drug or alcohol terms mentioned,DH_LOCAL_-_Employee_Standards_of_Conduct_LOCAL.pdf,Alcohol or any alcoholic beverage.
total number of drug or alcohol terms mentioned,DH_LOCAL_-_Employee_Standards_of_Conduct_LOCAL.pdf,"Any other intoxicant or mood-changing, mind-altering, or be- havior-altering drug."
total number of drug or alcohol terms mentioned,DH_LOCAL_-_Employee_Standards_of_Conduct_LOCAL.pdf,An employee need not be legally intoxicated to be considered “un- der the influence” of a controlled substance.
total number of drug or alcohol terms mentioned,DH_LOCAL_-_Employee_Standards_of_Conduct_LOCAL.pdf,"Manufactures, possesses, or dispenses a substance listed above as part of the employee’s job responsibilities; 2."
total number of drug or alcohol terms mentioned,DH_LOCAL_-_Employee_Standards_of_Conduct_LOCAL.pdf,Possesses a controlled substance or drug that a licensed physician has prescribed for the employee’s child or other in- dividual for whom the employee is a legal guardian.
total number of drug or alcohol terms mentioned,DH_LOCAL_-_Employee_Standards_of_Conduct_LOCAL.pdf,An employee who violates these drug-free workplace provisions shall be subject to disciplinary sanctions.
total number of drug or alcohol terms mentioned,DH_LOCAL_-_Employee_Standards_of_Conduct_LOCAL.pdf,Referral to drug and alcohol counseling or rehabilitation pro- grams; 2.
number of times arrest or synonyms are mentioned,DH_LOCAL_-_Employee_Standards_of_Conduct_LOCAL.pdf,"An employee shall notify his or her principal or immediate supervi- sor within three calendar days of any arrest, indictment, conviction, no contest or guilty plea, or other adjudication of the employee for any felony, any offense involving moral turpitude, and any of the other offenses as indicated below: 1."
total number of disciplinary terms mentioned,DMA_LEGAL_-_Professional_Development_Required_Staff_Development_LEGAL.pdf,"Positive behavior intervention and support strategies, includ- ing classroom management, district discipline policies, and the Student Code of Conduct."
number of times restorative justice approaches or synonyms are mentioned,DMA_LEGAL_-_Professional_Development_Required_Staff_Development_LEGAL.pdf,"Strategies for establishing and maintaining positive relation- ships among students, including conflict resolution; and 3."
number of times drug and alcohol use prevention programs are mentioned,DMA_LEGAL_-_Professional_Development_Required_Staff_Development_LEGAL.pdf,Eligible to participate in a school district’s special education program under Education Code 29.003; 2.
number of times transfer or referral to treatment programs are mentioned,DMA_LEGAL_-_Professional_Development_Required_Staff_Development_LEGAL.pdf,"Covered by Section 504, Rehabilitation Act of 1973 (29 U.S.C."
total number of health or treatment terms mentioned,DMA_LEGAL_-_Professional_Development_Required_Staff_Development_LEGAL.pdf,"Relates to the instruction of students with disabilities, includ- ing students with disabilities who also have other intellectual or mental health conditions; and 2."
number of times drug and alcohol use prevention programs are mentioned,DMA_LEGAL_-_Professional_Development_Required_Staff_Development_LEGAL.pdf,A district is required to provide the training to an educator who works primarily outside the area of special education only if the ed- ucator does not possess the knowledge and skills necessary to im- plement the individualized education program developed for a stu- dent receiving instruction from the educator.
total number of drug or alcohol terms mentioned,DMA_LEGAL_-_Professional_Development_Required_Staff_Development_LEGAL.pdf,"Recognize students displaying early warning signs and a pos- sible need for early mental health or substance abuse inter- vention, which warning signs may include declining academic performance, depression, anxiety, isolation, unexplained changes in sleep or eating habits, and destructive behavior toward self and others; 3."
total number of drug or alcohol terms mentioned,DMA_LEGAL_-_Professional_Development_Required_Staff_Development_LEGAL.pdf,"Intervene effectively with students described above by provid- ing notice and referral to a parent or guardian so appropriate action, such as seeking mental health or substance abuse services, may be taken by a parent or guardian; and 4."
total number of health or treatment terms mentioned,DMA_LEGAL_-_Professional_Development_Required_Staff_Development_LEGAL.pdf,Assist students in returning to school following treatment of a mental health concern or suicide attempt.
total number of drug or alcohol terms mentioned,DMA_LEGAL_-_Professional_Development_Required_Staff_Development_LEGAL.pdf,A district may satisfy a requirement to implement a program in the area of substance abuse prevention and intervention by providing instruction related to youth substance use and abuse education un- der Education Code 38.040.
total number of health or treatment terms mentioned,DMA_LEGAL_-_Professional_Development_Required_Staff_Development_LEGAL.pdf,"Internal procedures for seeking assistance for a child who is at risk for sexual abuse, trafficking, or other maltreatment, in- cluding referral to a school counselor, a social worker, or an- other mental health professional; 4."
number of times trauma-informed care or synonyms are mentioned,DMA_LEGAL_-_Professional_Development_Required_Staff_Development_LEGAL.pdf,Education Code 38.0041(c)-(f); 19 TAC 103.1401(d) A district’s efforts to increase awareness and implementation of trauma-informed care must include training to new and existing employees in accordance with the district’s professional develop- ment policy.
total number of health or treatment terms mentioned,DMA_LEGAL_-_Professional_Development_Required_Staff_Development_LEGAL.pdf,A district may not require a district employee who has previously completed mental health training offered by a local mental health authority under Health and Safety Code 1001.203 to complete the required training.
total number of health or treatment terms mentioned,DMA_LEGAL_-_Professional_Development_Required_Staff_Development_LEGAL.pdf,"Education Code 22.904 To complete the required evidence-based mental health training program, personnel who regularly interact with students shall par- ticipate and complete the general training program, participate and complete the training program related to local school district prac- tices and procedures, and submit and maintain supporting docu- mentation of completion."
total number of health or treatment terms mentioned,DMA_LEGAL_-_Professional_Development_Required_Staff_Development_LEGAL.pdf,"Documentation of training for the mental health training program must be kept by the school district and made available to TEA upon request, which may include a reporting process, for the dura- tion of the employee’s employment with the district."
total number of health or treatment terms mentioned,DMA_LEGAL_-_Professional_Development_Required_Staff_Development_LEGAL.pdf,"Each school nurse, assistant school nurse, athletic coach or spon- sor, physical education instructor, marching band director, cheer- leading coach, and any other employee specified by the commis- sioner, and each student who serves as an athletic trainer, must participate in the instruction in CPR and the use of an AED."
number of times arrest or synonyms are mentioned,DMA_LEGAL_-_Professional_Development_Required_Staff_Development_LEGAL.pdf,"Communicating effectively with 9-1-1 emergency service operators and other emergency personnel; and c. Recognizing symptoms of potentially catastrophic in- juries, including head and neck injuries, concussions, in- juries related to second impact syndrome, asthma at- tacks, heatstroke, cardiac arrest, and injuries requiring use of a defibrillator; and 3."
total number of health or treatment terms mentioned,DMA_LEGAL_-_Professional_Development_Required_Staff_Development_LEGAL.pdf,"A school nurse or licensed health-care professional, other than an athletic trainer, who serves as a member of a district’s concussion oversight team shall take a course approved by the UIL for coaches or that meets the requirements set by TDLR for athletic trainers, or a course concerning the subject matter of concussions that has been approved for continuing education credit by the appropriate licensing authority for the profession."
total number of health or treatment terms mentioned,DMA_LEGAL_-_Professional_Development_Required_Staff_Development_LEGAL.pdf,A school nurse or licensed health-care professional who is not in compliance with these training requirements may not serve on a concussion over- sight team in any capacity.
total number of health or treatment terms mentioned,DMA_LEGAL_-_Professional_Development_Required_Staff_Development_LEGAL.pdf,[See FM] Education Code 38.158 A school nurse employed by a district must complete a TEA-ap- proved online course of instruction for school nurses regarding managing students with seizure disorders that includes information about seizure recognition and related first aid.
total number of health or treatment terms mentioned,DMA_LEGAL_-_Professional_Development_Required_Staff_Development_LEGAL.pdf,"A district employee, other than a school nurse, whose duties at the school include regular contact with students must complete a TEA- approved online course of instruction for school personnel regard- ing awareness of students with seizure disorders that includes in- formation about seizure recognition and related first aid."
total number of health or treatment terms mentioned,DP_LEGAL_-_Personnel_Positions_LEGAL.pdf,"Education Code 22A.051(l); 22A.052(k) For purposes of the minimum salary schedule, a school nurse is an educator employed to provide full-time nursing and health-care ser- vices and who meets all the requirements to practice as a regis- tered nurse (RN) pursuant to the Nursing Practice Act and the rules and regulations relating to professional nurse education, li- censure, and practice and has been issued a license to practice professional nursing in Texas."
total number of health or treatment terms mentioned,DP_LEGAL_-_Personnel_Positions_LEGAL.pdf,A district with 500 or more students enrolled in elementary school grades shall employ a certified school counselor for each elemen- tary school and at least one school counselor for each 500 elemen- tary school students [see DBA].
total number of health or treatment terms mentioned,DP_LEGAL_-_Personnel_Positions_LEGAL.pdf,Employing a part-time certified school counselor.
total number of health or treatment terms mentioned,DP_LEGAL_-_Personnel_Positions_LEGAL.pdf,Employing a part-time teacher who is also certified as a school counselor.
total number of health or treatment terms mentioned,DP_LEGAL_-_Personnel_Positions_LEGAL.pdf,Entering into a shared services agreement with one or more other districts to share a certified school counselor.
total number of health or treatment terms mentioned,DP_LEGAL_-_Personnel_Positions_LEGAL.pdf,"The primary responsibility of a school counselor is to counsel stu- dents to fully develop each student’s academic, career, personal, and social abilities."
total number of health or treatment terms mentioned,DP_LEGAL_-_Personnel_Positions_LEGAL.pdf,"In addition, a school counselor shall: 1."
total number of drug or alcohol terms mentioned,DP_LEGAL_-_Personnel_Positions_LEGAL.pdf,"At risk of dropping out of school, becoming substance abusers, participating in gang activity, or committing sui- cide; b."
total number of health or treatment terms mentioned,DP_LEGAL_-_Personnel_Positions_LEGAL.pdf,"Nothing in item 7, above, exempts a school counselor from any mandatory reporting requirements imposed by other provisions of law."
total number of health or treatment terms mentioned,DP_LEGAL_-_Personnel_Positions_LEGAL.pdf,"If a board determines that, because of staffing needs in the district or at a school in the district, a school counselor must spend less than 80 percent of the school counselor's total work time on duties that are components of the district’s comprehensive school coun- seling program, the policy shall: 1."
total number of health or treatment terms mentioned,DP_LEGAL_-_Personnel_Positions_LEGAL.pdf,Include the reasons why the counselor needs to spend less than 80 percent of the counselor's work time on duties that are components of the counseling program; 2.
total number of health or treatment terms mentioned,DP_LEGAL_-_Personnel_Positions_LEGAL.pdf,List the duties the counselor is expected to perform that are not components of the counseling program; and 3.
total number of health or treatment terms mentioned,DP_LEGAL_-_Personnel_Positions_LEGAL.pdf,Set the percentage of work time that the counselor is required to spend on components of the counseling program.
total number of health or treatment terms mentioned,DP_LEGAL_-_Personnel_Positions_LEGAL.pdf,"A district may not include a provision in an employment contract with a school counselor under Education Code Chapter 21 that conflicts with the policy or, except as provided below, has the effect of authorizing a school principal or school district superintendent to require a school counselor to generally perform duties that are not primarily related to a counseling function."
total number of health or treatment terms mentioned,DP_LEGAL_-_Personnel_Positions_LEGAL.pdf,A district that complies with the exception above may not include a provision in an employment contract under Education Code Chap- ter 21 with an affected school counselor that has the effect of re- quiring the counselor to generally perform a duty that is not primar- ily related to a counseling function unless the duty is specified in the district's policy as required above.
total number of health or treatment terms mentioned,DP_LEGAL_-_Personnel_Positions_LEGAL.pdf,"Education Code 33.006(a)-(g) A district shall require each district school counselor to track and document, using a standardized tracking tool, as established by the district, the time spent on work duties performed by the school counselor throughout a school year."
total number of health or treatment terms mentioned,DP_LEGAL_-_Personnel_Positions_LEGAL.pdf,The total work time worked by the school counselor for the year; b.
total number of health or treatment terms mentioned,DP_LEGAL_-_Personnel_Positions_LEGAL.pdf,Work time tracking documentation as described above for each school counselor in the district; 2.
total number of health or treatment terms mentioned,DP_LEGAL_-_Personnel_Positions_LEGAL.pdf,The number of school counselors whose work was in compli- ance with the district’s school counselor policy; and 3.
total number of health or treatment terms mentioned,DP_LEGAL_-_Personnel_Positions_LEGAL.pdf,The number of school counselors in the district whose work was not in compliance with the district’s school counselor pol- icy.
total number of health or treatment terms mentioned,DP_LEGAL_-_Personnel_Positions_LEGAL.pdf,A psychologist licensed to practice in this state and desig- nated as a health-service provider; 2.
"number of times health-services staff such as school nurses, social workers, psychologists, or substance use counselors are mentioned",DP_LEGAL_-_Personnel_Positions_LEGAL.pdf,A licensed clinical social worker; 4.
total number of health or treatment terms mentioned,DP_LEGAL_-_Personnel_Positions_LEGAL.pdf,A professional counselor licensed to practice in this state; or 5.
total number of health or treatment terms mentioned,DP_LEGAL_-_Personnel_Positions_LEGAL.pdf,"Education Code 38.0101 Note:For information about mental health treatment, including counseling, see FFEA."
total number of health or treatment terms mentioned,DP_LEGAL_-_Personnel_Positions_LEGAL.pdf,22 TAC 465.38(a) “School psychologist” means a person who holds a license to en- gage in the practice of psychology under Occupations Code 501.260.
total number of health or treatment terms mentioned,DP_LEGAL_-_Personnel_Positions_LEGAL.pdf,Occupations Code 501.002(2); 0203(a) A person may not be employed by a school district as a school psychologist or associate school psychologist unless the person holds a specialist in school psychology license under Occupations Code 501.260.
total number of health or treatment terms mentioned,DP_LEGAL_-_Personnel_Positions_LEGAL.pdf,"Education Code 21.003(b); Occupations Code 501.002(2), .260(a) School psychological services may be provided in Texas public schools only by school psychologists and interns and post-doctoral fellows working towards licensure as a psychologist."
total number of health or treatment terms mentioned,DP_LEGAL_-_Personnel_Positions_LEGAL.pdf,A school psychologist may not provide psychological services in any context or capacity outside of a public or private school.
total number of health or treatment terms mentioned,DP_LEGAL_-_Personnel_Positions_LEGAL.pdf,Occupations Code 501.260(c); 22 TAC 465.38(b)(3) A school psychologist who contracts with a school to provide school psychological services must notify the school of any intent or plan to subcontract or assign those services to another provider prior to entering into the agreement.
number of times transfer or referral to treatment programs are mentioned,DP_LEGAL_-_Personnel_Positions_LEGAL.pdf,Section 504 of the Rehabilitation Act of 1973; and 6.
total number of drug or alcohol terms mentioned,EHAA_LEGAL_-_Basic_Instructional_Program_Required_Instruction_All_Levels__LEGAL.pdf,"Mental health, including instruction about mental health conditions, substance abuse, skills to manage emotions, establishing and maintaining positive relationships, and responsible decision-making; and c. Suicide prevention, including recognizing suicide-related risk factors and warning signs; 3."
total number of health or treatment terms mentioned,EHAA_LEGAL_-_Basic_Instructional_Program_Required_Instruction_All_Levels__LEGAL.pdf,"Mental health education, including education about mental health conditions, mental health well-being, skills to manage emotions, establishing and maintaining positive relationships, and responsible decision-making; 3."
total number of drug or alcohol terms mentioned,EHAA_LEGAL_-_Basic_Instructional_Program_Required_Instruction_All_Levels__LEGAL.pdf,"Substance abuse education, including education about alco- hol abuse, prescription drug abuse, and abuse of other con- trolled substances; 4."
total number of health or treatment terms mentioned,EHAA_LEGAL_-_Basic_Instructional_Program_Required_Instruction_All_Levels__LEGAL.pdf,"If the district requires health education for high school graduation, health education, including physical health education and mental health education, in grades 9 through 12."
total number of health or treatment terms mentioned,EHAA_LEGAL_-_Basic_Instructional_Program_Required_Instruction_All_Levels__LEGAL.pdf,"Policies, procedures, strategies, and curriculum appropriate for specific grade levels designed to prevent physical health concerns, including obesity, cardiovascular disease, Type 2 diabetes, and mental health concerns, including suicide, through coordination of: a."
total number of health or treatment terms mentioned,EHAA_LEGAL_-_Basic_Instructional_Program_Required_Instruction_All_Levels__LEGAL.pdf,"Health education, which must address physical health concerns and mental health concerns to ensure the inte- gration of physical health education and mental health education; b."
total number of health or treatment terms mentioned,EHAA_LEGAL_-_Basic_Instructional_Program_Required_Instruction_All_Levels__LEGAL.pdf,"School health services, including physical health ser- vices and mental health services, if provided at a cam- pus by the district or by a third party under a contract with the district; b."
total number of drug or alcohol terms mentioned,EHAA_LEGAL_-_Basic_Instructional_Program_Required_Instruction_All_Levels__LEGAL.pdf,"Risky behaviors and early warning signs of suicide risks and behavioral health concerns, including mental health disorders and substance use disorders; and b."
total number of drug or alcohol terms mentioned,EHAA_LEGAL_-_Basic_Instructional_Program_Required_Instruction_All_Levels__LEGAL.pdf,"Appropriate grade levels and curriculum for instruction regard- ing the dangers of opioids, including instruction on: a. Opioid addiction and abuse, including addiction to and abuse of synthetic opioids such as fentanyl; and b."
total number of drug or alcohol terms mentioned,EHAA_LEGAL_-_Basic_Instructional_Program_Required_Instruction_All_Levels__LEGAL.pdf,Methods for administering an opioid antagonist; and 8.
total number of disciplinary terms mentioned,EHAA_LEGAL_-_Basic_Instructional_Program_Required_Instruction_All_Levels__LEGAL.pdf,"Remove the student from any part of that instruction without subjecting the student to any disciplinary action, academic penalty, or other sanction imposed by the dis- trict or the student’s school; and c. Use the grievance procedure at FNG or the appeals process under Education Code 7.057 concerning a com- plaint of a violation of Education Code 28.004; 4."
total number of disciplinary terms mentioned,EHAA_LEGAL_-_Basic_Instructional_Program_Required_Instruction_All_Levels__LEGAL.pdf,"Remove the student from any part of the district's in- struction relating to the prevention of child abuse, family violence, dating violence, and sex trafficking without sub- jecting the student to any disciplinary action, academic penalty, or other sanction imposed by the district or the student's school; and c. Use the grievance procedure at FNG or the appeals process under Education Code 7.057 concerning a com- plaint of a violation of Education Code 28.004; 4."
number of times drug and alcohol use prevention programs are mentioned,EHAA_LEGAL_-_Basic_Instructional_Program_Required_Instruction_All_Levels__LEGAL.pdf,"Education Code 28.004(e-2), (j)-(j-2), (q-2) A district must adopt a character education program that includes the following positive character education traits and personal skills: 1."
number of times drug and alcohol use prevention programs are mentioned,EHAA_LEGAL_-_Basic_Instructional_Program_Required_Instruction_All_Levels__LEGAL.pdf,"In developing or selecting a character education program under Education Code 29.906, a district shall consult with a committee selected by the district that consists of parents of district students, educators, and other members of the community, including com- munity leaders."
number of times drug and alcohol use prevention programs are mentioned,EHAC_LEGAL_-_Basic_Instructional_Program_Required_Instruction_Secondary__LEGAL.pdf,19 TAC 74.3(b)(5) A district shall use the parenting and paternity awareness program developed by the SBOE in its high school health curriculum.
total number of drug or alcohol terms mentioned,EHAC_LEGAL_-_Basic_Instructional_Program_Required_Instruction_Secondary__LEGAL.pdf,"Education Code 28.002(p); 19 TAC 74.35(a) A district shall incorporate instruction in the dangers, causes, con- sequences, signs, symptoms, and treatment of binge drinking and alcohol poisoning into any course meeting a requirement for a health education credit."
total number of drug or alcohol terms mentioned,EHAC_LEGAL_-_Basic_Instructional_Program_Required_Instruction_Secondary__LEGAL.pdf,"A district shall choose an evidence-based alcohol awareness pro- gram to use in the district’s middle school, junior high school, and high school health curriculum from a list of programs approved by the commissioner for this purpose."
total number of drug or alcohol terms mentioned,EHAC_LEGAL_-_Basic_Instructional_Program_Required_Instruction_Secondary__LEGAL.pdf,"“Evidence-based alcohol awareness program” means a program, practice, or strategy that has been proven to effectively prevent or delay alcohol use among students, as determined by evaluations that use valid and reliable measures and that are published in peer-reviewed journals."
total number of drug or alcohol terms mentioned,EHAC_LEGAL_-_Basic_Instructional_Program_Required_Instruction_Secondary__LEGAL.pdf,Education Code 28.002(r); 19 TAC 74.35(b) A district shall annually provide research-based instruction related to fentanyl abuse prevention and drug poisoning awareness to stu- dents in grades 6 through 12.
total number of drug or alcohol terms mentioned,EHAC_LEGAL_-_Basic_Instructional_Program_Required_Instruction_Secondary__LEGAL.pdf,"Health education that includes information about substance use and abuse, including youth substance use and abuse."
total number of health or treatment terms mentioned,EHAC_LEGAL_-_Basic_Instructional_Program_Required_Instruction_Secondary__LEGAL.pdf,An organization employing mental health professionals.
number of times drug and alcohol use prevention programs are mentioned,EHBAA_LEGAL_-_Special_Education_Identification_Evaluation_and_Eligibility_LEGAL.pdf,A district shall develop a system to notify district residents with chil- dren who are at least three and younger than six and who are eligi- ble for enrollment in a special education program of the availability of the program.
number of times any other terms are mentioned that relate to a health-oriented approach to student drug and alcohol use,EHBAA_LEGAL_-_Special_Education_Identification_Evaluation_and_Eligibility_LEGAL.pdf,"Students not making progress in the general education classroom should be considered for all interventions and support services available to all students; such as tutorial, compensatory, response to evidence- based intervention, and other academic or behavior support ser- vices."
number of times any other terms are mentioned that relate to a health-oriented approach to student drug and alcohol use,EHBAA_LEGAL_-_Special_Education_Identification_Evaluation_and_Eligibility_LEGAL.pdf,The district cannot require a student to participate in interventions and support services for any specific length of time prior to a refer- ral being made or an FIIE being conducted.
number of times any other terms are mentioned that relate to a health-oriented approach to student drug and alcohol use,EHBAA_LEGAL_-_Special_Education_Identification_Evaluation_and_Eligibility_LEGAL.pdf,"If the student continues to experience difficulty in the general edu- cation classroom with the provision of interventions and support services or at any time district personnel suspect a disability and a possible need for special education and related services, district personnel must refer the student for an FIIE."
number of times any other terms are mentioned that relate to a health-oriented approach to student drug and alcohol use,EHBAA_LEGAL_-_Special_Education_Identification_Evaluation_and_Eligibility_LEGAL.pdf,"While an FIIE is being conducted, a student must continue to receive any necessary interventions and support services to target their aca- demic or behavioral needs."
number of time transfer or referral to disciplinary alternative school is mentioned,EHBAA_LEGAL_-_Special_Education_Identification_Evaluation_and_Eligibility_LEGAL.pdf,"300.301(d)(1) A district shall ensure that evaluations of children who transfer from one district to another in the same academic year are coordinated with the children’s prior and subsequent schools, as necessary and as expeditiously as possible, to ensure prompt completion of evalu- ations."
number of times drug and alcohol use prevention programs are mentioned,EHBAA_LEGAL_-_Special_Education_Identification_Evaluation_and_Eligibility_LEGAL.pdf,"Education Code 29.004(b) To determine a child’s eligibility for a district’s special education program on the basis of visual impairment, the FIIE and any reevaluation of the child must: 1."
number of times drug and alcohol use prevention programs are mentioned,EHBAA_LEGAL_-_Special_Education_Identification_Evaluation_and_Eligibility_LEGAL.pdf,Education Code 30.0021(b) A student is eligible to participate in a district’s special education program: 1.
number of times drug and alcohol use prevention programs are mentioned,EHBAA_LEGAL_-_Special_Education_Identification_Evaluation_and_Eligibility_LEGAL.pdf,"Students with visual impairments or who are deaf or hard of hear- ing, or who are deaf-blind shall be eligible to participate in a dis- trict’s special education program from birth."
total number of drug or alcohol terms mentioned,EHBAA_LEGAL_-_Special_Education_Identification_Evaluation_and_Eligibility_LEGAL.pdf,300.502 An employee of a district is prohibited from requiring a child to ob- tain a prescription for a substance covered under the federal Con- trolled Substances Act (21 U.S.C.
total number of health or treatment terms mentioned,EHBCA_LEGAL_-_Compensatory_Services_and_Intensive_Programs_Accelerated_Instruction_LEGAL.pdf,"Courses in the enrichment cur- riculum include languages other than English; health, with empha- sis on physical health, proper nutrition, and exercise; mental health, including instruction about mental health conditions, sub- stance abuse, skills to manage emotions, establishing and main- taining positive relationships, and responsible decision making; sui- cide prevention; physical education; fine arts; career and technical education; technology applications; religious literature; and per- sonal financial literacy."
number of times drug and alcohol use prevention programs are mentioned,EHBCA_LEGAL_-_Compensatory_Services_and_Intensive_Programs_Accelerated_Instruction_LEGAL.pdf,"The student’s parent may request, or the district may schedule, an additional committee meeting if a committee member believes that the student’s individualized education program needs to be modi- fied based on the accelerated instruction requirements."
number of times drug and alcohol use prevention programs are mentioned,EHBC_LEGAL_-_Special_Programs_Compensatory_Services_and_Intensive_Programs_LEGAL.pdf,"[See EIE] For a student in a special education program who does not perform satisfactorily on an assessment instrument administered under Ed- ucation Code 39.023(a), (b), or (c), the student’s admission, re- view, and dismissal committee shall design the program to: 1."
number of times drug and alcohol use prevention programs are mentioned,EHBC_LEGAL_-_Special_Programs_Compensatory_Services_and_Intensive_Programs_LEGAL.pdf,Enable the student to attain a standard of annual growth on the basis of the student’s individualized education program (IEP); and 2.
number of times drug and alcohol use prevention programs are mentioned,EHBC_LEGAL_-_Special_Programs_Compensatory_Services_and_Intensive_Programs_LEGAL.pdf,Costs charged to state compensatory education shall be for programs and services that supplement the regular education program.
number of times transfer or referral to juvenile justice program is mentioned,EHBC_LEGAL_-_Special_Programs_Compensatory_Services_and_Intensive_Programs_LEGAL.pdf,"Is currently on parole, probation, deferred prosecution, or other conditional release; 9."
total number of drug or alcohol terms mentioned,EHBC_LEGAL_-_Special_Programs_Compensatory_Services_and_Intensive_Programs_LEGAL.pdf,"Resided in the preceding school year or resides in the current school year in a residential placement facility in a district, in- cluding a detention facility, substance abuse treatment facility, emergency shelter, psychiatric hospital, halfway house, cot- tage home operation, specialized child-care home, or general residential operation; 14."
number of times transfer or referral to recovery schools are mentioned,EHBC_LEGAL_-_Special_Programs_Compensatory_Services_and_Intensive_Programs_LEGAL.pdf,Is enrolled in a district or a campus that is designated as a dropout recovery school under Education Code 39.0548; 16.
number of times drug and alcohol use prevention programs are mentioned,EHBC_LEGAL_-_Special_Programs_Compensatory_Services_and_Intensive_Programs_LEGAL.pdf,"Education Code 29.081(d)(1) Regardless of the student’s age, a student who participates in an adult education program provided under the adult high school char- ter school program is considered a “student at risk of dropping out of high school.” Education Code 29.081(d)(2) In addition to students described above, a student who satisfies lo- cal eligibility criteria adopted by a board may receive compensatory education services."
number of times transfer or referral to recovery schools are mentioned,EHBC_LEGAL_-_Special_Programs_Compensatory_Services_and_Intensive_Programs_LEGAL.pdf,Educa- tion Code 29.081(g) A district may use a private or public community-based dropout re- covery education program or education management organization to provide alternative education programs for students at risk of dropping out of school.
number of times drug and alcohol use prevention programs are mentioned,EHBC_LEGAL_-_Special_Programs_Compensatory_Services_and_Intensive_Programs_LEGAL.pdf,An in-person campus-based dropout recovery education program must meet the criteria set forth at Education Code 29.081(e-1)(1)-(5).
total number of health or treatment terms mentioned,EHBC_LEGAL_-_Special_Programs_Compensatory_Services_and_Intensive_Programs_LEGAL.pdf,"Education Code 29.081(e)-(e-2), (f) A dropout recovery education program may be operated only by an entity that is accredited by the agency or a regional accrediting agency, must offer or provide referrals for mental health services to students enrolled in the program, and may not market directly to students enrolled in a traditional education program."
total number of health or treatment terms mentioned,EHBC_LEGAL_-_Special_Programs_Compensatory_Services_and_Intensive_Programs_LEGAL.pdf,A district administrator or school counselor may refer a student to a dropout recovery education program if the administrator or coun- selor determines that enrollment in the program could prevent the student from dropping out of school.
number of time transfer or referral to disciplinary alternative school is mentioned,EHBC_LEGAL_-_Special_Programs_Compensatory_Services_and_Intensive_Programs_LEGAL.pdf,Transfer to a traditional education program; 2.
total number of drug or alcohol terms mentioned,EIC_LEGAL_-_Academic_Achievement_Class_Ranking_LEGAL.pdf,"Education Code 51.803(c)-(d) A board shall require each high school in the district to post appro- priate signs in each school counselor’s office, in each principal’s of- fice, and in each administrative building indicating the substance of the automatic admission provisions above."
total number of health or treatment terms mentioned,EIC_LEGAL_-_Academic_Achievement_Class_Ranking_LEGAL.pdf,The notification must be signed by the student’s school counselor in addition to be- ing signed by the student and the student’s parent or guardian.
total number of health or treatment terms mentioned,EIC_LEGAL_-_Academic_Achievement_Class_Ranking_LEGAL.pdf,Require that each school counselor and class advisor at a high school be provided a detailed explanation of the sub- stance of the program; 2.
total number of drug or alcohol terms mentioned,EIC_LEGAL_-_Academic_Achievement_Class_Ranking_LEGAL.pdf,"Provide each student, at the time the student first registers for one or more classes required for high school graduation, with a written notification, using the appropriate form adopted by the Commissioner, of the substance of the program; 3."
total number of drug or alcohol terms mentioned,EIC_LEGAL_-_Academic_Achievement_Class_Ranking_LEGAL.pdf,Require that each school counselor and senior class advisor at a high school explain to eligible students the substance of the program; 4.
total number of health or treatment terms mentioned,EIC_LEGAL_-_Academic_Achievement_Class_Ranking_LEGAL.pdf,"Require that, at the beginning of grades 10 and 11, a certified counselor explain the requirements of automatic admission to a general academic teaching institution to each student who has a grade point average in the top 25 percent of the stu- dent’s high school class [see FFEA]; and 5."
total number of drug or alcohol terms mentioned,EIC_LEGAL_-_Academic_Achievement_Class_Ranking_LEGAL.pdf,"Not later than the 14th day after the last day of classes for the fall semester or an equivalent date in the case of a school op- erated on a year-round system, provide each eligible senior student and each junior student who has a grade point aver- age in the top 10 percent of the student’s high school class, and the student’s parent or guardian, with a written notifica- tion, using the appropriate form adopted by the Commis- sioner, of the student’s eligibility with a detailed explanation in plain language of the substance of the program."
total number of drug or alcohol terms mentioned,EL_LEGAL_-_Campus_or_Program_Charters_LEGAL.pdf,Education Code 12.054 A charter shall be in the form and substance of a written contract signed by a board president and the chief operating officer of the campus or program for which the charter is granted.
number of times transfer or referral to juvenile justice program is mentioned,EL_LEGAL_-_Campus_or_Program_Charters_LEGAL.pdf,Education Code 12.057(c) A board may place on probation or revoke a charter it grants if the board determines that the campus or program: 1.
number of times transfer or referral to juvenile justice program is mentioned,EL_LEGAL_-_Campus_or_Program_Charters_LEGAL.pdf,Education Code 12.063 Each board that grants a charter shall adopt a procedure to be used for placing on probation or revoking a charter it grants.
number of times transfer or referral to juvenile justice program is mentioned,EL_LEGAL_-_Campus_or_Program_Charters_LEGAL.pdf,Education Code 12.064Liability Placement on Probation or Revocation Procedure
number of times any other terms are mentioned that relate to disciplinary approaches to student drug and alcohol use,FED_LEGAL_-_Attendance_Attendance_Enforcement_LEGAL.pdf,"Education Code 25.091(a), (b-1) A district shall adopt truancy prevention measures designed to ad- dress student conduct related to truancy in the school setting be- fore the student engages in conduct described by Family Code 65.003 and minimize the need for referrals to truancy court for con- duct described by Family Code 65.003(a)."
number of times restorative justice approaches or synonyms are mentioned,FED_LEGAL_-_Attendance_Attendance_Enforcement_LEGAL.pdf,"Refer the student to counseling, mediation, mentoring, a teen court program, community-based services, or other in-school or out-of-school services aimed at addressing the student’s truancy."
total number of drug or alcohol terms mentioned,FED_LEGAL_-_Attendance_Attendance_Enforcement_LEGAL.pdf,Mental health services; k. Alcohol and substance abuse prevention and treatment programs; l. Mentoring programs and services; m. Juvenile justice services and programs; n. Child welfare services and programs; o.
number of times transfer or referral to juvenile justice program is mentioned,FED_LEGAL_-_Attendance_Attendance_Enforcement_LEGAL.pdf,"One or more juvenile case managers who shall assist the court in administering the court’s juvenile docket and in super- vising the court’s orders in juvenile cases, and may provide prevention services to a child considered at risk of entering the juvenile justice system, and intervention services to juve- niles engaged in misconduct before cases are filed, excluding traffic offenses."
total number of drug or alcohol terms mentioned,FFAC_LEGAL_-_Wellness_and_Health_Services_Medical_Treatment_LEGAL.pdf,"Consents to examination and treatment for drug or chemical addiction, drug or chemical dependency, or any other condi- tion directly related to drug or chemical use."
total number of disciplinary terms mentioned,FFAC_LEGAL_-_Wellness_and_Health_Services_Medical_Treatment_LEGAL.pdf,"1 TAC 354.1432(5) Upon adoption of policies concerning the administration of medication to students by district employees, the district, its board, and its employees are immune from civil liability and administrative disciplinary action for damages or injuries resulting from the administration of medication to a student if: 1."
"number of times health-services staff such as school nurses, social workers, psychologists, or substance use counselors are mentioned",FFAC_LEGAL_-_Wellness_and_Health_Services_Medical_Treatment_LEGAL.pdf,"From a properly labeled unit dosage container filled by a registered nurse or another qualified district employee, as determined by district policy, from a container that ap- pears to be the original container and to be properly la- beled."
"number of times health-services staff such as school nurses, social workers, psychologists, or substance use counselors are mentioned",FFAC_LEGAL_-_Wellness_and_Health_Services_Medical_Treatment_LEGAL.pdf,"A policy adopted concerning the administration of medication to students by district employees may permit a district employee, in- cluding a nurse, to administer nonprescription medication to a stu- dent without further authorization or written protocol from the stu- dent's health-care provider if: 1."
"number of times health-services staff such as school nurses, social workers, psychologists, or substance use counselors are mentioned",FFAC_LEGAL_-_Wellness_and_Health_Services_Medical_Treatment_LEGAL.pdf,"If a district provides liability insurance for a licensed physician or registered nurse who provides volunteer services to the district, a board may allow the physician or nurse to administer to any stu- dent nonprescription medication or medication currently prescribed for the student by the student’s health-care provider."
total number of health or treatment terms mentioned,FFAC_LEGAL_-_Wellness_and_Health_Services_Medical_Treatment_LEGAL.pdf,"The student has demonstrated to the student’s physician or other licensed health-care provider and the school nurse, if available, the skill level necessary to self-administer the pre- scription medication, including the use of any device required to administer the medication; 3."
total number of health or treatment terms mentioned,FFAC_LEGAL_-_Wellness_and_Health_Services_Medical_Treatment_LEGAL.pdf,"The physician’s statement must be kept on file in the school nurse’s office, or, if there is no school nurse, in the office of the principal of the school the student attends."
total number of drug or alcohol terms mentioned,FFAC_LEGAL_-_Wellness_and_Health_Services_Medical_Treatment_LEGAL.pdf,Education Code 38.015 A student may possess and use a topical sunscreen product while on school property or at a school-related event or activity to avoid overexposure to the sun and not for the medical treatment of an in- jury or illness if the product is approved by the federal Food and Drug Administration for over-the-counter use.
total number of drug or alcohol terms mentioned,FFAC_LEGAL_-_Wellness_and_Health_Services_Medical_Treatment_LEGAL.pdf,"Education Code 38.011(a), (c) An employee of a district is prohibited from requiring a child to ob- tain a prescription for a substance covered under the federal Con- trolled Substances Act (21 U.S.C."
total number of drug or alcohol terms mentioned,FFAC_LEGAL_-_Wellness_and_Health_Services_Medical_Treatment_LEGAL.pdf,"Health and Safety Code 488.005 Each district shall adopt and implement a policy regarding the maintenance, administration, and disposal of opioid antagonists at each campus in the district that serves students in grades 6 through 12 and may adopt and implement such a policy at each campus in the district, including campuses serving students in a grade level below grade 6."
total number of drug or alcohol terms mentioned,FFAC_LEGAL_-_Wellness_and_Health_Services_Medical_Treatment_LEGAL.pdf,Provide that school personnel and school volunteers who are authorized and trained may administer an opioid antagonist to a person who is reasonably believed to be experiencing an opioid-related drug overdose; 2.
total number of drug or alcohol terms mentioned,FFAC_LEGAL_-_Wellness_and_Health_Services_Medical_Treatment_LEGAL.pdf,Establish the number of opioid antagonists that must be avail- able at each campus at any given time; and 4.
total number of drug or alcohol terms mentioned,FFAC_LEGAL_-_Wellness_and_Health_Services_Medical_Treatment_LEGAL.pdf,Require that the supply of opioid antagonists at each school campus subject to a policy adopted under this provision must be stored in a secure location and be easily accessible to school personnel and school volunteers authorized and trained to administer an opioid antagonist.
total number of drug or alcohol terms mentioned,FFAC_LEGAL_-_Wellness_and_Health_Services_Medical_Treatment_LEGAL.pdf,"“Opioid antagonist” as defined in Health and Safety Code 483.101, means any drug that binds to opioid receptors and blocks or other- wise inhibits the effects of opioids acting on those receptors."
total number of drug or alcohol terms mentioned,FFAC_LEGAL_-_Wellness_and_Health_Services_Medical_Treatment_LEGAL.pdf,"“Opioid-related drug overdose” as defined in Health and Safety Code 483.101, means a condition, evidenced by symptoms of ex- treme physical illness, decreased level of consciousness, constric- tion of the pupils, respiratory depression, or coma, that a layperson would reasonably believe to be the result of the consumption or use of an opioid."
total number of drug or alcohol terms mentioned,FFAC_LEGAL_-_Wellness_and_Health_Services_Medical_Treatment_LEGAL.pdf,"25 TAC 40.82(2)-(3), (5)-(6) Once a district adopts an opioid antagonist medication policy, a campus implementing an opioid policy must stock opioid antago- nist medication."
total number of drug or alcohol terms mentioned,FFAC_LEGAL_-_Wellness_and_Health_Services_Medical_Treatment_LEGAL.pdf,"A campus must obtain a prescription from a physician or a person who has been delegated prescriptive authority to stock, possess, and maintain the established number of doses of opioid antago- nists as determined by a district, on each campus as described in Education Code 38.225 (Prescription of Opioid Antagonists)."
total number of drug or alcohol terms mentioned,FFAC_LEGAL_-_Wellness_and_Health_Services_Medical_Treatment_LEGAL.pdf,25 TAC 40.85(a)-(b) A physician or person who has been delegated prescriptive author- ity under Occupations Code Chapter 157 may prescribe opioid an- tagonists in the name of a school district.
total number of drug or alcohol terms mentioned,FFAC_LEGAL_-_Wellness_and_Health_Services_Medical_Treatment_LEGAL.pdf,"Education Code 38.225(a); 25 TAC 40.85(c) The unassigned opioid antagonist medication must be stored in a secure location and be easily accessible, in accordance with the manufacturer's guidelines and local policy of the district."
total number of drug or alcohol terms mentioned,FFAC_LEGAL_-_Wellness_and_Health_Services_Medical_Treatment_LEGAL.pdf,"Used, unassigned opioid antagonists are considered infectious waste and must be disposed of according to the school’s blood- borne pathogen control policy."
total number of drug or alcohol terms mentioned,FFAC_LEGAL_-_Wellness_and_Health_Services_Medical_Treatment_LEGAL.pdf,"Expired, unassigned opioid antagonists must be disposed of in ac- cordance with the Federal Drug Administration’s disposal of un- used medications guidelines and local policy of the district."
total number of drug or alcohol terms mentioned,FFAC_LEGAL_-_Wellness_and_Health_Services_Medical_Treatment_LEGAL.pdf,25 TAC 40.85(d)-(f) The campus must submit the report no later than the 10th business day after the date a school personnel member or school volunteer administers an opioid antagonist in accordance with the unas- signed opioid antagonist medication policy.
total number of drug or alcohol terms mentioned,FFAC_LEGAL_-_Wellness_and_Health_Services_Medical_Treatment_LEGAL.pdf,The physician or other person who prescribed the opioid an- tagonist; and 3.
total number of drug or alcohol terms mentioned,FFAC_LEGAL_-_Wellness_and_Health_Services_Medical_Treatment_LEGAL.pdf,"Whether the person who received the administration of the opioid antagonist was a student, a school personnel member or school volunteer, or a visitor; 3."
total number of drug or alcohol terms mentioned,FFAC_LEGAL_-_Wellness_and_Health_Services_Medical_Treatment_LEGAL.pdf,The physical location where the opioid antagonist was admin- istered; 4.
total number of drug or alcohol terms mentioned,FFAC_LEGAL_-_Wellness_and_Health_Services_Medical_Treatment_LEGAL.pdf,The number of doses of opioid antagonist administered; 5.
total number of drug or alcohol terms mentioned,FFAC_LEGAL_-_Wellness_and_Health_Services_Medical_Treatment_LEGAL.pdf,The title of the person who administered the opioid antago- nist; and 6.
total number of drug or alcohol terms mentioned,FFAC_LEGAL_-_Wellness_and_Health_Services_Medical_Treatment_LEGAL.pdf,Education Code 38.223(b) Records relating to implementing and administering the district unassigned opioid antagonist medication policy must be retained per the campus record retention schedule.
total number of drug or alcohol terms mentioned,FFAC_LEGAL_-_Wellness_and_Health_Services_Medical_Treatment_LEGAL.pdf,25 TAC 40.87(a) A district that adopts an opioid antagonist policy is responsible for training school personnel and school volunteers in the administra- tion of an opioid antagonist.
total number of drug or alcohol terms mentioned,FFAC_LEGAL_-_Wellness_and_Health_Services_Medical_Treatment_LEGAL.pdf,Recognizing the signs and symptoms of an opioid-related drug overdose; 2.
total number of drug or alcohol terms mentioned,FFAC_LEGAL_-_Wellness_and_Health_Services_Medical_Treatment_LEGAL.pdf,Responding to an opioid-related drug overdose and adminis- tering an opioid antagonist; 3.
total number of drug or alcohol terms mentioned,FFAC_LEGAL_-_Wellness_and_Health_Services_Medical_Treatment_LEGAL.pdf,"Implementing emergency procedures, after administering an opioid antagonist; 4."
total number of drug or alcohol terms mentioned,FFAC_LEGAL_-_Wellness_and_Health_Services_Medical_Treatment_LEGAL.pdf,Properly disposing of used or expired opioid antagonists.
total number of drug or alcohol terms mentioned,FFAC_LEGAL_-_Wellness_and_Health_Services_Medical_Treatment_LEGAL.pdf,"Be provided annually in a formal training session or through online education, including practicing the administration of an opioid antagonist with an opioid antagonist trainer device; and 2."
total number of disciplinary terms mentioned,FFAC_LEGAL_-_Wellness_and_Health_Services_Medical_Treatment_LEGAL.pdf,"Education Code 38.226 A person who in good faith takes, or fails to take, any action under Education Code Chapter 38, Subchapter E-1 is immune from civil or criminal liability or disciplinary action resulting from that action or failure to act as described by Education Code 38.227."
total number of drug or alcohol terms mentioned,FFAC_LEGAL_-_Wellness_and_Health_Services_Medical_Treatment_LEGAL.pdf,"Education Code 38.208(b); 25 TAC 40.65(a)(2) “Epinephrine delivery system"" means a medical delivery device ap- proved by the United States Food and Drug Administration that de- livers a dose of epinephrine intended for use to treat anaphylaxis, including: 1."
total number of disciplinary terms mentioned,FFAC_LEGAL_-_Wellness_and_Health_Services_Medical_Treatment_LEGAL.pdf,"Education Code 38.208(d-2) A person who in good faith takes, or fails to take, any action related to Education Code Chapter 38, Subchapter E, related to the main- tenance and administration of epinephrine delivery systems and medication for respiratory distress, is immune from civil or criminal liability or disciplinary action resulting from that action or failure to act as described by Education Code 38.215 and 25 Administrative Code 40.49."
number of times drug and alcohol use prevention programs are mentioned,FFAC_LOCAL_-_Wellness_and_Health_Services_Medical_Treatment_LOCAL.pdf,Herbal substances or dietary supplements provided by the parent and only if required by the individualized education program or Section 504 plan for a student with disabilities.
total number of drug or alcohol terms mentioned,FFAC_LOCAL_-_Wellness_and_Health_Services_Medical_Treatment_LOCAL.pdf,The District authorizes school personnel who have been ade- quately trained to administer an opioid antagonist in accordance with law and this policy.
total number of drug or alcohol terms mentioned,FFAC_LOCAL_-_Wellness_and_Health_Services_Medical_Treatment_LOCAL.pdf,Administration of an opioid antagonist shall only be permitted when an authorized and trained individual rea- sonably believes a person is experiencing an opioid-related over- dose.
total number of drug or alcohol terms mentioned,FFAC_LOCAL_-_Wellness_and_Health_Services_Medical_Treatment_LOCAL.pdf,Each applicable campus shall have at least one individual who is authorized and trained to administer an opioid antagonist present during regular school hours.
total number of drug or alcohol terms mentioned,FFAC_LOCAL_-_Wellness_and_Health_Services_Medical_Treatment_LOCAL.pdf,"Each applicable campus shall have at least two unused, unexpired opioid antagonist doses available."
total number of drug or alcohol terms mentioned,FFAC_LOCAL_-_Wellness_and_Health_Services_Medical_Treatment_LOCAL.pdf,All opioid antagonists shall be stored in a secure location and shall be easily accessible by individuals who are authorized and trained to administer an opioid antagonist.
total number of drug or alcohol terms mentioned,FFAC_LOCAL_-_Wellness_and_Health_Services_Medical_Treatment_LOCAL.pdf,Recommend to a student or a parent that the student use a psychotropic drug; 2.
total number of health or treatment terms mentioned,FFAE_LEGAL_-_Wellness_and_Health_Services_School-Based_Health_Centers_LEGAL.pdf,Treatment for mental health conditions [see FFEB]; and 7.
total number of drug or alcohol terms mentioned,FFAE_LEGAL_-_Wellness_and_Health_Services_School-Based_Health_Centers_LEGAL.pdf,"Treatment for substance abus e. Education Code 38.054 Reproductive services, counseling, or referrals may not be pro- vided through a school -based health center using grant funds awarded under Education Code Chapter 38, Subchapter B."
total number of health or treatment terms mentioned,FFAE_LEGAL_-_Wellness_and_Health_Services_School-Based_Health_Centers_LEGAL.pdf,"If it is determined that a student is in need of a referral for physical health services or mental health services, the staff of the center shall notify the person whose consent is required under Education Code 38.053 verbally and in writing of the basis for the referral."
total number of health or treatment terms mentioned,FFAE_LEGAL_-_Wellness_and_Health_Services_School-Based_Health_Centers_LEGAL.pdf,"In addition to the appointees who are parents, a board shall also appoint at least one classroom te acher, one administra- tor, one school counselor, one licensed health -care professional li- censed or certified to practice in this state, one member of the clergy, one person from law enforcement, one member of the busi- ness community, one senior citizen, and one student."
total number of health or treatment terms mentioned,FFB_LEGAL_-_Student_Welfare_Crisis_Intervention_LEGAL.pdf,"Specific interventions, including mental health or behavioral supports; 2."
number of times suspension or synonyms are mentioned,FFB_LEGAL_-_Student_Welfare_Crisis_Intervention_LEGAL.pdf,Out-of-school suspension; or 4.
total number of disciplinary terms mentioned,FFB_LEGAL_-_Student_Welfare_Crisis_Intervention_LEGAL.pdf,The student’s expulsion or removal to a disciplinary alterna- tive education program (DAEP) or a juvenile justice alterna- tive education program (JJAEP).
total number of drug or alcohol terms mentioned,FFB_LEGAL_-_Student_Welfare_Crisis_Intervention_LEGAL.pdf,"The superintendent shall ensure, to the greatest extent practicable, that the members appointed to each team have expertise in coun- seling, behavior management, mental health and substance use, classroom instruction, special education, school administration, school safety and security, emergency management, and law en- forcement."
number of times drug and alcohol use prevention programs are mentioned,FFB_LEGAL_-_Student_Welfare_Crisis_Intervention_LEGAL.pdf,"If a student in a special education program under Education Code Chapter 29, Subchapter A, is the subject of a threat assessment, the team conducting the assessment must include at least one per- son who has specific knowledge of the student's disability and the disability's manifestations and who is: 1."
"number of times health-services staff such as school nurses, social workers, psychologists, or substance use counselors are mentioned",FFB_LEGAL_-_Student_Welfare_Crisis_Intervention_LEGAL.pdf,A clinical or master social worker licensed under Occupations Code Chapter 505; or 4.
"number of times health-services staff such as school nurses, social workers, psychologists, or substance use counselors are mentioned",FFB_LEGAL_-_Student_Welfare_Crisis_Intervention_LEGAL.pdf,A licensed clinical or licensed master social worker; or 6.
total number of drug or alcohol terms mentioned,FFB_LEGAL_-_Student_Welfare_Crisis_Intervention_LEGAL.pdf,"A committee with oversight responsibility must include members with expertise in hu- man resources, education, special education, counseling, behavior management, school administration, mental health and substance use, school safety and security, emergency management, and law enforcement."
total number of health or treatment terms mentioned,FFB_LEGAL_-_Student_Welfare_Crisis_Intervention_LEGAL.pdf,Referring a student for mental health assessment; and b.
total number of health or treatment terms mentioned,FFB_LEGAL_-_Student_Welfare_Crisis_Intervention_LEGAL.pdf,A team may not provide a mental health-care service to a student who is under 18 years of age unless the team obtains written con- sent from the parent of or the person standing in parental relation to the student before providing the mental health-care service.
number of times drug and alcohol use prevention programs are mentioned,FFB_LEGAL_-_Student_Welfare_Crisis_Intervention_LEGAL.pdf,A team identifying a student at risk of suicide shall act in accor- dance with the district’s suicide prevention program.
number of times drug and alcohol use prevention programs are mentioned,FFB_LEGAL_-_Student_Welfare_Crisis_Intervention_LEGAL.pdf,"If the student at risk of suicide also makes a threat of violence to others, the team shall conduct a threat assessment in addition to actions taken in accordance with the district’s suicide prevention program."
total number of drug or alcohol terms mentioned,FFB_LEGAL_-_Student_Welfare_Crisis_Intervention_LEGAL.pdf,"A team identifying a student using or possessing tobacco, drugs, or alcohol shall act in accordance with district policies and procedures related to substance use prevention and intervention."
number of time transfer or referral to disciplinary alternative school is mentioned,FFB_LEGAL_-_Student_Welfare_Crisis_Intervention_LEGAL.pdf,"Education Code 37.115(j-1) [For information regarding the transfer of threat assessment records between school districts, see FD and FDA.]"
total number of disciplinary terms mentioned,FFB_LEGAL_-_Student_Welfare_Crisis_Intervention_LEGAL.pdf,"Any disciplinary action taken, including a change in school placement; b."
total number of health or treatment terms mentioned,FFB_LEGAL_-_Student_Welfare_Crisis_Intervention_LEGAL.pdf,"Any action taken by law enforcement; or c. A referral to or change in counseling, mental health, spe- cial education, or other services; 4."
number of times trauma-informed care or synonyms are mentioned,FFB_LEGAL_-_Student_Welfare_Crisis_Intervention_LEGAL.pdf,"A best-practices program or research-based practice un- der Education Code 38.351 [see FFEB], including the number and percentage of school personnel trained in suicide prevention or grief and trauma-informed prac- tices; b."
total number of health or treatment terms mentioned,FFB_LEGAL_-_Student_Welfare_Crisis_Intervention_LEGAL.pdf,Mental health or psychological first aid for schools; c. Training relating to the safe and supportive school pro- gram; or d. Any other program relating to safety identified by the commissioner.
total number of health or treatment terms mentioned,FFB_LOCAL_-_Student_Welfare_Crisis_Intervention_LOCAL.pdf,These strategies may include referral of a student for a mental health assessment and escalation procedures as appropriate.
number of times drug and alcohol use prevention programs are mentioned,FFB_LOCAL_-_Student_Welfare_Crisis_Intervention_LOCAL.pdf,"For a student the team identifies as at risk of suicide, the team shall follow the District’s suicide prevention program."
total number of drug or alcohol terms mentioned,FFB_LOCAL_-_Student_Welfare_Crisis_Intervention_LOCAL.pdf,"For a student the team identifies as having a substance abuse issue, the team shall follow the District’s substance abuse program."
total number of disciplinary terms mentioned,FFB_LOCAL_-_Student_Welfare_Crisis_Intervention_LOCAL.pdf,"For a student whose conduct may constitute a violation of the District’s Student Code of Conduct, the team shall make a re- ferral to the campus behavior coordinator or other appropriate administrator to consider disciplinary action."
total number of health or treatment terms mentioned,FFB_LOCAL_-_Student_Welfare_Crisis_Intervention_LOCAL.pdf,To a local mental health authority or health-care provider for evaluation or treatment; or 2.
total number of health or treatment terms mentioned,FFB_LOCAL_-_Student_Welfare_Crisis_Intervention_LOCAL.pdf,"The team shall not provide any mental health-care services, except as permitted by law."
total number of drug or alcohol terms mentioned,FFC_LEGAL_-_Student_Welfare_Student_Support_Services_LEGAL.pdf,"Homeless families and homeless children receive referrals to health care, dental, mental health and substance abuse, housing, and other appropriate services; 5."
number of time transfer or referral to disciplinary alternative school is mentioned,FFC_LEGAL_-_Student_Welfare_Student_Support_Services_LEGAL.pdf,11432(g)(6)(D) Each district shall appoint at least one employee to act as a liaison officer to facilitate the enrollment in or transfer to a public school of a child in the district who is in the conservatorship of the state and submit the liaison’s name and contact information to the Texas Ed- ucation Agency (TEA) in a format and under the schedule deter- mined by the commissioner of education.
total number of disciplinary terms mentioned,FFC_LEGAL_-_Student_Welfare_Student_Support_Services_LEGAL.pdf,"“Records” means documents in printed or electronic form that in- clude, but are not limited to, student transcripts; individual course grades; academic achievement records; course credits, whether full or partial; individualized education program referrals; interven- tion data; immunizations; state assessment scores; student atten- dance data; disciplinary reports; graduation endorsements; special education/Section 504 committee records; performance acknowl- edgements; and personal graduation plans."
total number of disciplinary terms mentioned,FFC_LEGAL_-_Student_Welfare_Student_Support_Services_LEGAL.pdf,"Welcome packets containing applicable information regarding enrollment in extracurricular activities, club activities, informa- tion on fee waivers, tutoring opportunities, the student code of conduct, available student supports, and contact information for key school staff members such as principals, registrars, counselors, designated liaisons, nutrition coordinators, and transportation specialists; 2."
number of time transfer or referral to disciplinary alternative school is mentioned,FFC_LEGAL_-_Student_Welfare_Student_Support_Services_LEGAL.pdf,"A district must use the TREx, the Personal Identification Database (PID), or the Person Enrollment Tracking (PET) application to facili- tate records transfer and expedite coordination and communication between the sending and receiving schools."
number of times trauma-informed care or synonyms are mentioned,FFC_LEGAL_-_Student_Welfare_Student_Support_Services_LEGAL.pdf,"The enrollment conference shall address the student's credit recov- ery, credit completion, attendance plans and trauma-informed in- terventions, interests and strengths, discipline or behavior con- cerns, previous successes, college readiness, and social and emotional supports as well as district policies relating to transfers and withdrawals and communication preferences with parents or guardians."
number of time transfer or referral to disciplinary alternative school is mentioned,FFC_LEGAL_-_Student_Welfare_Student_Support_Services_LEGAL.pdf,"A district must develop processes to increase awareness of oppor- tunities available to students who are homeless or in substitute care to participate in extracurricular programs, summer programs, credit transfer services, electronic courses, and after-school tutor- ing programs."
number of time transfer or referral to disciplinary alternative school is mentioned,FFC_LEGAL_-_Student_Welfare_Student_Support_Services_LEGAL.pdf,"A district must identify and remove barriers, whenever possible, to participation by students who are homeless or in substitute care in extracurricular programs, summer programs, credit transfer ser- vices, electronic courses, and after-school tutoring programs."
number of times transfer or referral to treatment programs are mentioned,FFC_LEGAL_-_Student_Welfare_Student_Support_Services_LEGAL.pdf,"Requests or referrals for an evaluation under Section 504, Rehabilitation Act of 1973 (29 U.S.C."
total number of disciplinary terms mentioned,FFC_LEGAL_-_Student_Welfare_Student_Support_Services_LEGAL.pdf,Any disciplinary actions under Education Code Chapter 37 for which parental notice is required [see FO series]; 5.
number of times transfer or referral to juvenile justice program is mentioned,FFC_LEGAL_-_Student_Welfare_Student_Support_Services_LEGAL.pdf,"Each center shall coordinate efforts of district personnel, local po- lice departments, school attendance officers, and probation officers in working with students, dropouts, and parents in identifying and correcting factors that adversely affect the education of the chil- dren."
total number of health or treatment terms mentioned,FFEB_LEGAL_-_Counseling_and_Mental_Health_Mental_Health_LEGAL.pdf,"For personnel information about mental health professionals, see DP."
total number of health or treatment terms mentioned,FFEB_LEGAL_-_Counseling_and_Mental_Health_Mental_Health_LEGAL.pdf,"“Mental health condition” means a persistent or recurrent pattern of thoughts, feelings, or behaviors that: 1."
total number of drug or alcohol terms mentioned,FFEB_LEGAL_-_Counseling_and_Mental_Health_Mental_Health_LEGAL.pdf,"Constitutes a mental illness, disease, or disorder, other than or in addition to epilepsy, substance abuse, or an intellectual disability; or 2."
total number of health or treatment terms mentioned,FFEB_LEGAL_-_Counseling_and_Mental_Health_Mental_Health_LEGAL.pdf,Early mental health prevention and intervention; 2.
total number of drug or alcohol terms mentioned,FFEB_LEGAL_-_Counseling_and_Mental_Health_Mental_Health_LEGAL.pdf,Substance abuse prevention and intervention; 4.
number of times trauma-informed care or synonyms are mentioned,FFEB_LEGAL_-_Counseling_and_Mental_Health_Mental_Health_LEGAL.pdf,Grief-informed and trauma-informed practices; 6.
total number of drug or alcohol terms mentioned,FFEB_LEGAL_-_Counseling_and_Mental_Health_Mental_Health_LEGAL.pdf,"A district shall develop practices and procedures concerning each area listed above, including mental health promotion and interven- tion, substance abuse prevention and intervention, and suicide pre- vention, that: 1."
total number of drug or alcohol terms mentioned,FFEB_LEGAL_-_Counseling_and_Mental_Health_Mental_Health_LEGAL.pdf,"Include a procedure for providing notice of a recommendation for early mental health or substance abuse intervention re- garding a student to a parent or guardian of the student within a reasonable amount of time after the identification of early warning signs, which may include declining academic perfor- mance, depression, anxiety, isolation, unexplained changes in sleep or eating habits, and destructive behavior toward self and others; 3."
total number of drug or alcohol terms mentioned,FFEB_LEGAL_-_Counseling_and_Mental_Health_Mental_Health_LEGAL.pdf,Establish that the district may develop a reporting mechanism and may designate at least one person to act as a liaison offi- cer in the district for the purposes of identifying students in need of early mental health or substance abuse intervention or suicide prevention; 5.
total number of drug or alcohol terms mentioned,FFEB_LEGAL_-_Counseling_and_Mental_Health_Mental_Health_LEGAL.pdf,Set out available counseling alternatives for a parent or guardian to consider when his or her child is identified as pos- sibly being in need of early mental health or substance abuse intervention or suicide prevention; and 6.
total number of drug or alcohol terms mentioned,FFEB_LEGAL_-_Counseling_and_Mental_Health_Mental_Health_LEGAL.pdf,To support the return of a student to school following hospitalization or residential treatment for a mental health condition or substance abuse; and b.
total number of drug or alcohol terms mentioned,FFEB_LEGAL_-_Counseling_and_Mental_Health_Mental_Health_LEGAL.pdf,The practices and procedures must prohibit the use without the prior consent of a student’s parent or guardian of a medical screening of the student as part of the process of identifying whether the student is possibly in need of early mental health or substance abuse intervention or suicide pre- vention.
total number of drug or alcohol terms mentioned,FFEB_LEGAL_-_Counseling_and_Mental_Health_Mental_Health_LEGAL.pdf,Practices and procedures developed in accor- dance with these provisions are intended to notify a parent or guardian of a need for mental health or substance abuse interven- tion so that a parent or guardian may take appropriate action.
total number of drug or alcohol terms mentioned,FFEB_LEGAL_-_Counseling_and_Mental_Health_Mental_Health_LEGAL.pdf,"A licensed or certified physician, psychologist, counselor, or social worker having reasonable grounds to believe that a child has been sexually, physically, or emotionally abused; is contemplating sui- cide; or is involved in chemical or drug addiction or dependency may: 1."
total number of health or treatment terms mentioned,FFEB_LEGAL_-_Counseling_and_Mental_Health_Mental_Health_LEGAL.pdf,"The physician, psychologist, counselor, or social worker may not counsel a child if consent is prohibited by a court order, unless consent is obtained as otherwise allowed by law."
total number of health or treatment terms mentioned,FFEB_LEGAL_-_Counseling_and_Mental_Health_Mental_Health_LEGAL.pdf,"Family Code 32.004(b), (c) [See DP for more information about LSSP and school counselor responsibilities.]"
total number of health or treatment terms mentioned,FFEB_LEGAL_-_Counseling_and_Mental_Health_Mental_Health_LEGAL.pdf,Family Code 32.004(d) Neither a district nor an employee of a district may refer a student to an outside counselor for care or treatment of a chemical depen- dency or an emotional or psychological condition unless the district does all of the following: 1.
total number of health or treatment terms mentioned,FFEB_LEGAL_-_Counseling_and_Mental_Health_Mental_Health_LEGAL.pdf,"Discloses to the student’s parent, managing conservator, or guardian any relationship between the district and the outside counselor."
total number of health or treatment terms mentioned,FFEB_LEGAL_-_Counseling_and_Mental_Health_Mental_Health_LEGAL.pdf,See FFB for mental health-care services provided by the threat assessment and safe and supportive school team.]
total number of drug or alcohol terms mentioned,FFEB_LEGAL_-_Counseling_and_Mental_Health_Mental_Health_LEGAL.pdf,Recommend that a student use a psychotropic drug; or 2.
total number of drug or alcohol terms mentioned,FFEB_LEGAL_-_Counseling_and_Mental_Health_Mental_Health_LEGAL.pdf,"Use the refusal by a parent to consent to administration of a psychotropic drug to a student or to a psychiatric evaluation or examination of a student as grounds, by itself, for prohibit- ing the child from attending a class or participating in a school-related activity."
total number of drug or alcohol terms mentioned,FFEB_LEGAL_-_Counseling_and_Mental_Health_Mental_Health_LEGAL.pdf,"Psychotropic drug means a substance that is used in the diagno- sis, treatment, or prevention of a disease or as a component of a medication and intended to have an altering effect on perception, emotion, or behavior."
total number of health or treatment terms mentioned,FFEB_LEGAL_-_Counseling_and_Mental_Health_Mental_Health_LEGAL.pdf,"Prohibit a school district employee, or an employee of an en- tity with which the district contracts, who is a registered nurse, advanced nurse practitioner, physician, or nonphysician men- tal health professional licensed or certified to practice in this state from recommending that a child be evaluated by a physician or nonphysician mental health professional; or 3."
total number of health or treatment terms mentioned,FFEB_LEGAL_-_Counseling_and_Mental_Health_Mental_Health_LEGAL.pdf,Nonphysician mental health professional has the meaning as- signed by Education Code 38.0101 [see DP].
total number of drug or alcohol terms mentioned,FFEB_LEGAL_-_Counseling_and_Mental_Health_Mental_Health_LEGAL.pdf,"An employee may not use or threaten to use the refusal of a par- ent, guardian, or managing or possessory conservator to adminis- ter or consent to the administration of a psychotropic drug to a child, or to consent to any other psychiatric or psychological testing or treatment of the child, as the sole basis for making a report of neglect, unless the employee has cause to believe that the refusal: 1."
total number of drug or alcohol terms mentioned,FFG_LEGAL_-_Student_Welfare_Child_Abuse_and_Neglect_LEGAL.pdf,"The current use by a person of a controlled substance as de- fined by Health and Safety Code Chapter 481, in a manner or to the extent that the use results in physical, mental, or emo- tional injury to a child; 10."
total number of drug or alcohol terms mentioned,FFG_LEGAL_-_Student_Welfare_Child_Abuse_and_Neglect_LEGAL.pdf,"Causing, expressly permitting, or encouraging a child to use a controlled substance as defined by Health and Safety Code Chapter 481; 11."
total number of health or treatment terms mentioned,FFG_LEGAL_-_Student_Welfare_Child_Abuse_and_Neglect_LEGAL.pdf,"The person’s refusal is based solely on the person’s in- ability to obtain mental health services necessary to pro- tect the safety and well-being of the child; and c. The person has exhausted all reasonable means avail- able to the person to obtain the mental health services described at item b, above; 2."
number of time transfer or referral to disciplinary alternative school is mentioned,FFG_LEGAL_-_Student_Welfare_Child_Abuse_and_Neglect_LEGAL.pdf,Transfer the child’s medical care to a new medical provider; c. Transfer the child to another health care facility; 4.
total number of health or treatment terms mentioned,FFG_LEGAL_-_Student_Welfare_Child_Abuse_and_Neglect_LEGAL.pdf,"Choosing a recognized alternative health-care treatment or therapy for the child that could be considered as new, emerg- ing, or nonstandard, unless the treatment or therapy presents a substantial risk of death, disfigurement, or bodily injury to the child or results in an observable and material impairment to the growth, development, or functioning of the child; or 6."
total number of health or treatment terms mentioned,FFG_LEGAL_-_Student_Welfare_Child_Abuse_and_Neglect_LEGAL.pdf,19 TAC 103.1401(a) Any person who has reasonable cause to believe that a child’s physical or mental health or welfare has been adversely affected by abuse or neglect by any person shall immediately make a report as required by law.
number of times transfer or referral to juvenile justice program is mentioned,FFG_LEGAL_-_Student_Welfare_Child_Abuse_and_Neglect_LEGAL.pdf,"The term includes teachers, nurses, doctors, day-care employees, juvenile probation officers, and juvenile de- tention or correctional officers."
total number of drug or alcohol terms mentioned,FFG_LEGAL_-_Student_Welfare_Child_Abuse_and_Neglect_LEGAL.pdf,"Family Code 261.101(b-1) An employee may not use or threaten to use the refusal of a par- ent, guardian, or managing or possessory conservator to adminis- ter or consent to the administration of a psychotropic drug to a child, or to consent to any other psychiatric or psychological testing or treatment of the child, as the sole basis for making a report of neglect, unless the employee has cause to believe that the refusal: 1."
number of times transfer or referral to juvenile justice program is mentioned,FFG_LEGAL_-_Student_Welfare_Child_Abuse_and_Neglect_LEGAL.pdf,"Family Code 261.101(d) If the alleged or suspected abuse or neglect involves a person re- sponsible for the care, custody, or welfare of the child, the report must be made to DFPS, unless the report is made to a state agency under item 4, below, or the report involves a juvenile justice program or facility [see JJAEPS, below]."
number of times transfer or referral to juvenile justice program is mentioned,FFG_LEGAL_-_Student_Welfare_Child_Abuse_and_Neglect_LEGAL.pdf,"Family Code 261.001(5) Any report of alleged abuse, neglect, or exploitation, as those terms are defined in Family Code 261.405, in a juvenile justice program or facility shall be made to the Texas Juvenile Justice Department and a local law enforcement agency for investigation."
number of times transfer or referral to juvenile justice program is mentioned,FFG_LEGAL_-_Student_Welfare_Child_Abuse_and_Neglect_LEGAL.pdf,The term “juvenile justice program” includes a juvenile justice alternative education program.
total number of health or treatment terms mentioned,FFG_LEGAL_-_Student_Welfare_Child_Abuse_and_Neglect_LEGAL.pdf,"19 TAC 103.1401(b) The policies must require every school employee, agent, or con- tractor who suspects a child's physical or mental health or welfare has been adversely affected by abuse or neglect to submit a writ- ten or oral report to at least one of the authorities listed above [see To Whom Reported, above] within 24 hours or less, as determined by the board, after learning of facts giving rise to the suspicion."
total number of drug or alcohol terms mentioned,FNAA_LOCAL_-_Student_Expression_Distribution_of_Nonschool_Literature_LOCAL.pdf,"The materials promote illegal use of drugs, alcohol, or other controlled substances."
total number of disciplinary terms mentioned,FNAA_LOCAL_-_Student_Expression_Distribution_of_Nonschool_Literature_LOCAL.pdf,"Failure to comply with this policy regarding distribution of non- school literature shall result in appropriate administrative action, in- cluding but not limited to confiscation of nonconforming materials, suspension of a noncurriculum-related student group’s use of Dis- trict facilities, and/or other disciplinary action in accordance with the Student Code of Conduct."
total number of drug or alcohol terms mentioned,FNA_LEGAL_-_Student_Rights_and_Responsibilities_Student_Expression_LEGAL.pdf,"Dist., 393 U.S. 503 (1969) [See also FNCI] The special characteristics of the school environment and the gov- ernmental interest in stopping student drug abuse allow a district to restrict student expression that it reasonably regards as promoting illegal drug use."
total number of drug or alcohol terms mentioned,FNA_LEGAL_-_Student_Rights_and_Responsibilities_Student_Expression_LEGAL.pdf,Homework and classroom assignments must be judged by ordinary academic standards of substance and relevance and against other legitimate pedagogical concerns identified by a district.
total number of disciplinary terms mentioned,FNA_LOCAL_-_Student_Rights_and_Responsibilities_Student_Expression_LOCAL.pdf,Are not in a disciplinary placement at the time of the speaking event.
total number of drug or alcohol terms mentioned,FNA_LOCAL_-_Student_Rights_and_Responsibilities_Student_Expression_LOCAL.pdf,"The student may not engage in speech that: •Is obscene, vulgar, offensively lewd, or indecent; •Creates reasonable cause to believe that the speech would result in material and substantial interference with school ac- tivities or the rights of others; •Promotes illegal drug use; •Violates the intellectual property rights, privacy rights, or other rights of another person; •Contains defamatory statements about public figures or oth- ers; or •Advocates imminent lawless action and is likely to incite or produce such action."
total number of disciplinary terms mentioned,FNA_LOCAL_-_Student_Rights_and_Responsibilities_Student_Expression_LOCAL.pdf,Students are not eligible to volunteer if they were in a disciplinary placement during any part of the spring semester.
total number of drug or alcohol terms mentioned,FNA_LOCAL_-_Student_Rights_and_Responsibilities_Student_Expression_LOCAL.pdf,"The student shall stay on the subject, and the student shall not en- gage in speech that: •Is obscene, vulgar, offensively lewd, or indecent; •Creates reasonable cause to believe that the speech would result in material and substantial interference with school ac- tivities or the rights of others; •Promotes illegal drug use; •Violates the intellectual property rights, privacy rights, or other rights of another person; •Contains defamatory statements about public figures or oth- ers; or •Advocates imminent lawless action and is likely to incite or produce such action."
total number of drug or alcohol terms mentioned,FNA_LOCAL_-_Student_Rights_and_Responsibilities_Student_Expression_LOCAL.pdf,Homework and classroom work shall be judged by ordi- nary academic standards of substance and relevance and against other legitimate pedagogical concerns identified by the school.
total number of disciplinary terms mentioned,FNCA_LOCAL_-_Student_Conduct_Dress_Code_LOCAL.pdf,"Students who violate d ress and grooming standards established for such an activity may be removed or excluded from the activity for a period determined by the principal or sponsor and may be subject to other disciplinary action, as specified in the Student Code of Conduct."
total number of disciplinary terms mentioned,FNCC_LEGAL_-_Student_Conduct_Prohibited_Organizations_and_Hazing_LEGAL.pdf,Educa- tion Code 37.121(d) A board or an educator shall recommend placing in a disciplinary alternative education program any student who commits the of- fenses described above.
total number of drug or alcohol terms mentioned,FNCC_LEGAL_-_Student_Conduct_Prohibited_Organizations_and_Hazing_LEGAL.pdf,"Is any type of physical brutality, such as whipping, beating, striking, branding, electronic shocking, placing of a harmful substance on the body, or similar activity; 2."
total number of drug or alcohol terms mentioned,FNCC_LEGAL_-_Student_Conduct_Prohibited_Organizations_and_Hazing_LEGAL.pdf,"Involves consumption of a food, liquid, alcoholic beverage, liquor, drug, or other substance, other than as described by item 5, below, that subjects the student to an unreasonable risk of harm or that adversely affects the mental or physical health or safety of the student; 4."
total number of drug or alcohol terms mentioned,FNCC_LEGAL_-_Student_Conduct_Prohibited_Organizations_and_Hazing_LEGAL.pdf,A drug; or b.
total number of drug or alcohol terms mentioned,FNCD_LEGAL_-_Student_Conduct_Tobacco_Use_and_Possession_LEGAL.pdf,"The term does not include a prescription medical device, prescription medication, or other pre- scribed substance unrelated to the cessation of smoking."
total number of disciplinary terms mentioned,FNCD_LEGAL_-_Student_Conduct_Tobacco_Use_and_Possession_LEGAL.pdf,"Health and Safety Code 161.081(1-a) [For information regarding the disciplinary consequences of stu- dent e-cigarette use, see FOC.]"
total number of drug or alcohol terms mentioned,FNCF_LEGAL_-_Student_Conduct_Alcohol_and_Drug_Use_LEGAL.pdf,Edu- cation Code 38.007(a) A board shall attempt to provide a safe alcohol-free environment to students coming to or going from school.
total number of drug or alcohol terms mentioned,FNCF_LEGAL_-_Student_Conduct_Alcohol_and_Drug_Use_LEGAL.pdf,A board may cooperate with local law enforcement officials and the Texas Alcoholic Beverage Commission in attempting to provide this environment and in enforcing the alcohol-free zone provisions in the Alcoholic Beverage Code.
total number of drug or alcohol terms mentioned,FNCF_LEGAL_-_Student_Conduct_Alcohol_and_Drug_Use_LEGAL.pdf,"Education Code 38.007(b) If the majority of the area of a district is located in a municipality with a population of 1.3 million or more, the board may petition the commissioners court of the county in which the district is located or the governing board of an incorporated city or town in which the district is located to adopt a 1,000-foot alcohol-free zone."
total number of disciplinary terms mentioned,FNCF_LEGAL_-_Student_Conduct_Alcohol_and_Drug_Use_LEGAL.pdf,"Health and Safety Code 485.033 Note:For disciplinary consequences associated with the of- fenses above, see FOC and FOD."
number of times expulsion or synonyms is mentioned,FNCG_LEGAL_-_Student_Conduct_Weapons_LEGAL.pdf,"The student must be expelled from the student’s regular campus for a period of at least one year, except that the superin- tendent may modify in writing the length of expulsion in the case of an individual student."
number of times expulsion or synonyms is mentioned,FNCG_LEGAL_-_Student_Conduct_Weapons_LEGAL.pdf,"For expulsion under this provision, “school” means any setting that is under the control and supervision of a district for the purpose of student activities approved and authorized by the district."
total number of drug or alcohol terms mentioned,FNCG_LEGAL_-_Student_Conduct_Weapons_LEGAL.pdf,"A “firearm” means any device designed, made, or adapted to expel a projectile through a barrel by using the energy generated by an explosion or burning substance or any device readily convertible to that use."
total number of drug or alcohol terms mentioned,FNCG_LEGAL_-_Student_Conduct_Weapons_LEGAL.pdf,A zip gun (a device or combination of devices that was not originally a firearm and is adapted to expel a projectile through a smooth-bore or rifled-bore barrel by using the en- ergy generated by an explosion or burning substance).
number of times suspension or synonyms are mentioned,FOB_LEGAL_-_Student_Discipline_Out-of-School_Suspension_LEGAL.pdf,Education Code 37.005(a) An in-school suspension under this section is not subject to any time limit.
number of times suspension or synonyms are mentioned,FOB_LEGAL_-_Student_Discipline_Out-of-School_Suspension_LEGAL.pdf,Education Code 37.005(b) The principal or other appropriate administrator shall review the in- school suspension of a student at least once every 10 school days after the date the suspension begins to evaluate the educational progress of the student and to determine if continued in-school suspension is appropriate.
number of times suspension or synonyms are mentioned,FOB_LEGAL_-_Student_Discipline_Out-of-School_Suspension_LEGAL.pdf,"If the principal or other appropriate ad- ministrator determines that continued in-school suspension is ap- propriate, the principal or other appropriate administrator shall doc- ument the determination."
number of times any other terms are mentioned that relate to a health-oriented approach to student drug and alcohol use,FOB_LEGAL_-_Student_Discipline_Out-of-School_Suspension_LEGAL.pdf,Education Code 37.005(b-1) The district shall provide a student subject to an in-school suspen- sion with appropriate behavioral support services and comparable educational services as the student would receive in the class- room.
number of times drug and alcohol use prevention programs are mentioned,FOB_LEGAL_-_Student_Discipline_Out-of-School_Suspension_LEGAL.pdf,"If the student receives special education services, the student must continue to receive special education and related services speci- fied in the student's individualized education program and have an opportunity to progress in the general curriculum."
number of times suspension or synonyms are mentioned,FOB_LEGAL_-_Student_Discipline_Out-of-School_Suspension_LEGAL.pdf,Education Code 37.005(b-2) An out-of-school suspension may not exceed three school days.
number of times suspension or synonyms are mentioned,FOB_LEGAL_-_Student_Discipline_Out-of-School_Suspension_LEGAL.pdf,"A student who is enrolled in a grade level below grade 3 may not be placed in out-of-school suspension unless while on school prop- erty or while attending a school-sponsored or school-related activ- ity on or off of school property, the student engages in: 1."
total number of drug or alcohol terms mentioned,FOB_LEGAL_-_Student_Discipline_Out-of-School_Suspension_LEGAL.pdf,"A dangerous drug, as defined by Health and Safety Code Chapter 483; or c. An alcoholic beverage, as defined by Alcoholic Beverage Code 1.04."
number of times suspension or synonyms are mentioned,FOB_LEGAL_-_Student_Discipline_Out-of-School_Suspension_LEGAL.pdf,"Education Code 37.005(c) A district may not place a student who is homeless in out-of-school suspension unless the student engages in conduct described at items 1–4, above, while on school property or while attending a school-sponsored or school-related activity on or off of school property."
number of times suspension or synonyms are mentioned,FOB_LEGAL_-_Student_Discipline_Out-of-School_Suspension_LEGAL.pdf,The campus behavior coordinator may coordinate with the district's homeless education liaison to identify appropriate al- ternatives to out-of-school suspension for a student who is home- less.
number of times suspension or synonyms are mentioned,FOB_LEGAL_-_Student_Discipline_Out-of-School_Suspension_LEGAL.pdf,"Education Code 37.005(d) On receiving a written request from the student's parent, the princi- pal or other appropriate administrator may at the principal's or other appropriate administrator's sole discretion reassign a student placed in out-of-school suspension to an in-school suspension if the student's parent demonstrates through supporting information and documentation that the parent is unable to provide suitable su- pervision for the student during school hours during the period of the suspension."
number of times suspension or synonyms are mentioned,FOB_LEGAL_-_Student_Discipline_Out-of-School_Suspension_LEGAL.pdf,The alternative placement provided by this provision may be used only in extenuating circumstances and may not be used as a rou- tine replacement for out-of-school suspension.
total number of disciplinary terms mentioned,FOB_LEGAL_-_Student_Discipline_Out-of-School_Suspension_LEGAL.pdf,"Provide alternative disciplinary courses of action that do not rely on the use of in-school suspension, out-of-school suspen- sion, or placement in a disciplinary alternative education pro- gram to manage student behavior; and 5."
number of times trauma-informed care or synonyms are mentioned,FOB_LEGAL_-_Student_Discipline_Out-of-School_Suspension_LEGAL.pdf,"Positive behavioral intervention and support; b. Trauma-informed practices; c. Social and emotional learning; d. A referral for services, as necessary; and e. Restorative practices."
total number of disciplinary terms mentioned,FOC_LEGAL_-_Student_Discipline_Placement_in_a_Disciplinary_Alternative_Education_Setting_LEGAL.pdf,"Education Code 37.006 [For additional factors that must be considered in each decision concerning suspension, removal to a DAEP, expulsion, or place- ment in a juvenile justice alternative education program (JJAEP), see FO and the Student Code of Conduct.]"
total number of drug or alcohol terms mentioned,FOC_LEGAL_-_Student_Discipline_Placement_in_a_Disciplinary_Alternative_Education_Setting_LEGAL.pdf,"A controlled substance, as defined by the Texas Con- trolled Substances Act, Health and Safety Code Chapter 481, or by 21 U.S.C."
total number of drug or alcohol terms mentioned,FOC_LEGAL_-_Student_Discipline_Placement_in_a_Disciplinary_Alternative_Education_Setting_LEGAL.pdf,"801, et seq., excluding marijuana, as defined by Health and Safety Code 481.002, or tetrahydrocannabinol, as defined by Department of Pub- lic Safety rule; b."
total number of drug or alcohol terms mentioned,FOC_LEGAL_-_Student_Discipline_Placement_in_a_Disciplinary_Alternative_Education_Setting_LEGAL.pdf,"A dangerous drug, as defined by the Texas Dangerous Drug Act, Health and Safety Code Chapter 483."
total number of drug or alcohol terms mentioned,FOC_LEGAL_-_Student_Discipline_Placement_in_a_Disciplinary_Alternative_Education_Setting_LEGAL.pdf,"Possesses, uses, or is under the influence of, or sells, gives, or delivers to another person marijuana or tetrahydrocannabi- nol, as defined above; 5."
total number of drug or alcohol terms mentioned,FOC_LEGAL_-_Student_Discipline_Placement_in_a_Disciplinary_Alternative_Education_Setting_LEGAL.pdf,"Sells, gives, or delivers to another person an alcoholic bever- age, as defined by Alcoholic Beverage Code 1.04, or commits a serious act or offense while under the influence of alcohol, or possesses, uses, or is under the influence of an alcoholic beverage."
number of times transfer or referral to recovery schools are mentioned,FOC_LEGAL_-_Student_Discipline_Placement_in_a_Disciplinary_Alternative_Education_Setting_LEGAL.pdf,Penal Code 22.11 A student shall be removed from class and placed in a DAEP or ju- venile justice alternative education program (JJAEP) if: 1.
number of times transfer or referral to juvenile justice program is mentioned,FOC_LEGAL_-_Student_Discipline_Placement_in_a_Disciplinary_Alternative_Education_Setting_LEGAL.pdf,"The student was convicted of, received adjudication for, or was placed on probation for sexual assault of another student who was a young child or disabled individual while the stu- dents were assigned to the same campus, regardless of whether the assault occurred on or off school property; 2."
number of time transfer or referral to disciplinary alternative school is mentioned,FOC_LEGAL_-_Student_Discipline_Placement_in_a_Disciplinary_Alternative_Education_Setting_LEGAL.pdf,"Education Code 25.0341, 37.0051(a) [See FDE at Sexual Assault Transfer—Transfer of Assailant] A limitation imposed by Education Code Chapter 37 on the length of placement in a DAEP or a JJAEP does not apply to a placement under this provision."
total number of disciplinary terms mentioned,FOC_LEGAL_-_Student_Discipline_Placement_in_a_Disciplinary_Alternative_Education_Setting_LEGAL.pdf,Education Code 37.0052 A student may be removed from class and placed in a disciplinary alternative education program if the student: 1.
total number of disciplinary terms mentioned,FOC_LEGAL_-_Student_Discipline_Placement_in_a_Disciplinary_Alternative_Education_Setting_LEGAL.pdf,"Education Code 37.006(d), (d-1); 37.124(d) A student may be removed from class and placed in a disciplinary alternative education program if the student possesses or uses an e-cigarette, as defined by Health and Safety Code 161.081."
total number of disciplinary terms mentioned,FOC_LEGAL_-_Student_Discipline_Placement_in_a_Disciplinary_Alternative_Education_Setting_LEGAL.pdf,"If a student who possesses or uses an e-cigarette is not placed in a disciplinary alternative education program for the first-time of- fense, the student shall be placed in in-school suspension for a pe- riod of at least 10 school days."
number of times suspension or synonyms are mentioned,FOC_LEGAL_-_Student_Discipline_Placement_in_a_Disciplinary_Alternative_Education_Setting_LEGAL.pdf,"[For requirements related to in- school suspension, see FOB.]"
total number of disciplinary terms mentioned,FOC_LEGAL_-_Student_Discipline_Placement_in_a_Disciplinary_Alternative_Education_Setting_LEGAL.pdf,"Before ordering removal, the CBC must consider whether the stu- dent acted in self-defense, the intent or lack of intent at the time the student engaged in the conduct, the student’s disciplinary his- tory, and whether the student has a disability that substantially im- pairs the student’s capacity to appreciate the wrongfulness of the student’s conduct, regardless of whether the decision of the behav- ior coordinator concerns a mandatory or discretionary action."
total number of disciplinary terms mentioned,FOC_LEGAL_-_Student_Discipline_Placement_in_a_Disciplinary_Alternative_Education_Setting_LEGAL.pdf,"Following the conference, and whether or not each requested per- son is in attendance after valid attempts to require the person’s at- tendance, the CBC, after considering any mitigating factors under Education Code 37.001(a)(4) [see FO], shall order the placement of the student for a period consistent with the Student Code of Conduct."
total number of disciplinary terms mentioned,FOC_LEGAL_-_Student_Discipline_Placement_in_a_Disciplinary_Alternative_Education_Setting_LEGAL.pdf,"Education Code 37.009(a) [See Student Code of Conduct] On the placement of a student in a DAEP, the district shall provide information to the student’s parent or person standing in parental relation to the student regarding the process for requesting a full in- dividual and initial evaluation of the student under Education Code 29.004 [see EHBAA]."
total number of disciplinary terms mentioned,FOC_LEGAL_-_Student_Discipline_Placement_in_a_Disciplinary_Alternative_Education_Setting_LEGAL.pdf,"If the period of placement is inconsistent with the guidelines in the Student Code of Conduct, the order must give notice of the inconsistency."
total number of disciplinary terms mentioned,FOC_LEGAL_-_Student_Discipline_Placement_in_a_Disciplinary_Alternative_Education_Setting_LEGAL.pdf,The student has engaged in serious or persistent misbehavior that violates the Student Code of Conduct.
total number of drug or alcohol terms mentioned,FOC_LEGAL_-_Student_Discipline_Placement_in_a_Disciplinary_Alternative_Education_Setting_LEGAL.pdf,"Education Code 37.006(o) If a DAEP is at capacity at the time a CBC is deciding placement for a student who engaged in conduct described under Education Code 37.006(a)(2)(C-1) (possession or use of marijuana), (C-2) (possession, use, delivery of an e-cigarette), (D) (delivery of alco- hol), or (E) (abuse of volatile chemical), the student shall be placed in in-school suspension; and if a position becomes available in the program before the expiration of the period of the placement, trans- ferred to the program for the remainder of the period."
number of times suspension or synonyms are mentioned,FOC_LEGAL_-_Student_Discipline_Placement_in_a_Disciplinary_Alternative_Education_Setting_LEGAL.pdf,"If a DAEP is at capacity at the time a CBC is deciding placement for a student who engaged in conduct described under Education Code 37.007 that constitutes violent conduct [see below at Deter- mination of Violent Conduct], a student who has been placed in the program for conduct described under Education Code 37.006(a)(2)(C-1), (C-2), (D), or (E) (above) may be removed from the program and placed in in-school suspension to make a position in the program available for the student who engaged in violent conduct."
number of times transfer or referral to juvenile justice program is mentioned,FOC_LEGAL_-_Student_Discipline_Placement_in_a_Disciplinary_Alternative_Education_Setting_LEGAL.pdf,Education Code 37.008(j-1) Unless a board and the juvenile board for the county in which a district’s central administrative office is located have entered into a memorandum of understanding concerning the juvenile probation department’s role in supervising and providing other support ser- vices for students in DAEP programs: 1.
number of times transfer or referral to juvenile justice program is mentioned,FOC_LEGAL_-_Student_Discipline_Placement_in_a_Disciplinary_Alternative_Education_Setting_LEGAL.pdf,"A court may not order a student to attend a DAEP without a district’s consent, until the student has successfully completed any sentencing requirements, if the court has ordered the stu- dent to attend a DAEP as a condition of probation once during a school year and the student is referred to juvenile court again during that school year."
number of times transfer or referral to juvenile justice program is mentioned,FOC_LEGAL_-_Student_Discipline_Placement_in_a_Disciplinary_Alternative_Education_Setting_LEGAL.pdf,"Education Code 37.010(e) After the student has successfully completed any court disposition requirements, including conditions of deferred prosecution or con- ditions required by the prosecutor or probation department, a dis- trict may not refuse to admit the student if the student meets the re- quirements for admission into the public schools."
number of times expulsion or synonyms is mentioned,FOC_LEGAL_-_Student_Discipline_Placement_in_a_Disciplinary_Alternative_Education_Setting_LEGAL.pdf,"Education Code 37.009(e) If, during the term of placement, a student engages in additional conduct for which placement in a DAEP or expulsion is required or permitted, additional proceedings may be conducted and the prin- cipal or board, as appropriate, may enter an additional order."
number of times transfer or referral to juvenile justice program is mentioned,FOD_LEGAL_-_Student_Discipline_Expulsion_LEGAL.pdf,"Education Code 37.007(e)(2), (h) A person who is 21 years of age or older and is admitted by a dis- trict for the purpose of completing the requirements for a diploma is not eligible for placement in a juvenile justice alternative education program (JJAEP) if the person engages in conduct that would re- quire or authorize such placement for a student under the age of 21."
total number of drug or alcohol terms mentioned,FOD_LEGAL_-_Student_Discipline_Expulsion_LEGAL.pdf,"Commits a drug- or alcohol-related offense described at Edu- cation Code 37.006(a)(2)(C), if that conduct is punishable as a felony; 4."
number of times expulsion or synonyms is mentioned,FOD_LEGAL_-_Student_Discipline_Expulsion_LEGAL.pdf,"The student must be expelled from the student’s regular campus for a period of at least one year, except that the superin- tendent may modify in writing the length of expulsion in the case of an individual student."
number of times expulsion or synonyms is mentioned,FOD_LEGAL_-_Student_Discipline_Expulsion_LEGAL.pdf,A district or other local educational agency shall provide educa- tional services to an expelled student in a DAEP if the student is younger than 10 years of age on the date of expulsion.
total number of drug or alcohol terms mentioned,FOD_LEGAL_-_Student_Discipline_Expulsion_LEGAL.pdf,"Marijuana or a controlled substance, as defined by Chapter 481, Health and Safety Code, or by 21 U.S.C."
total number of drug or alcohol terms mentioned,FOD_LEGAL_-_Student_Discipline_Expulsion_LEGAL.pdf,"A dangerous drug, as defined by Chapter 483, Health and Safety Code; or c. An alcoholic beverage, as defined by Section 1.04, Alco- holic Beverage Code."
number of times transfer or referral to juvenile justice program is mentioned,FOD_LEGAL_-_Student_Discipline_Expulsion_LEGAL.pdf,"If the student is expelled, a board or its designee shall refer the student to the authorized officer of the juvenile court for appropriate proceedings under Family Code Title 3 (Juvenile Justice Code)."
total number of disciplinary terms mentioned,FOD_LEGAL_-_Student_Discipline_Expulsion_LEGAL.pdf,"Following the conference, and whether or not each requested per- son is in attendance after valid attempts to require the person’s at- tendance, the CBC, after considering any mitigating factors under Education Code 37.001(a)(4) [see FO], shall order the placement of the student for a period consistent with the Student Code of Conduct."
total number of disciplinary terms mentioned,FOD_LEGAL_-_Student_Discipline_Expulsion_LEGAL.pdf,"Education Code 37.009(a) [See Student Code of Conduct] Before a student may be expelled, a board or its designee shall provide the student a hearing at which the student is afforded ap- propriate due process as required by the federal constitution and which the student’s parent or guardian is invited, in writing, to at- tend."
number of times expulsion or synonyms is mentioned,FOD_LEGAL_-_Student_Discipline_Expulsion_LEGAL.pdf,"The notice should contain a statement of the specific charges and grounds that, if proven, would justify expulsion."
total number of disciplinary terms mentioned,FOD_LEGAL_-_Student_Discipline_Expulsion_LEGAL.pdf,"[See Student Code of Conduct, item 4, at FO(LE- GAL) for additional mitigating factors.]"
total number of disciplinary terms mentioned,FOD_LEGAL_-_Student_Discipline_Expulsion_LEGAL.pdf,"Education Code 37.009(f) If the period of expulsion is inconsistent with the guidelines on length of expulsion in the Student Code of Conduct, the order must give notice of the inconsistency."
number of times expulsion or synonyms is mentioned,FOD_LEGAL_-_Student_Discipline_Expulsion_LEGAL.pdf,The period of expulsion may not exceed one year unless a district determines that: 1.
number of times expulsion or synonyms is mentioned,FOD_LEGAL_-_Student_Discipline_Expulsion_LEGAL.pdf,"Af- ter such notification, the parent or guardian shall provide adequate supervision for the student during the period of expulsion."
number of times expulsion or synonyms is mentioned,FOD_LEGAL_-_Student_Discipline_Expulsion_LEGAL.pdf,"Educa- tion Code 37.009(g)-(h) Not later than the second business day after the date an expulsion hearing is held, a board or its designee shall deliver a copy of the expulsion order and any information required under Family Code 52.04 to the authorized officer of the juvenile court in the county in which the student resides."
number of times expulsion or synonyms is mentioned,FOD_LEGAL_-_Student_Discipline_Expulsion_LEGAL.pdf,"Education Code 37.007(g) If a student withdraws from a district before an order for expulsion is entered, the principal or board, as appropriate, may complete the proceedings and enter an order."
number of times expulsion or synonyms is mentioned,FOD_LEGAL_-_Student_Discipline_Expulsion_LEGAL.pdf,"If the student subsequently enrolls in the district during the same or subsequent school year, the dis- trict may enforce the order at that time except for any period of the expulsion that has been served by the student in another district that honored the order."
number of times expulsion or synonyms is mentioned,FOD_LEGAL_-_Student_Discipline_Expulsion_LEGAL.pdf,"Ed- ucation Code 37.009(i) If, during the term of expulsion, a student engages in additional conduct for which placement in a DAEP or expulsion is required or permitted, additional proceedings may be conducted and the prin- cipal or board, as appropriate, may enter an additional order."
number of times transfer or referral to juvenile justice program is mentioned,FOD_LEGAL_-_Student_Discipline_Expulsion_LEGAL.pdf,"denied, 368 U.S. 930 (1961) A court may not order an expelled student to attend a regular classroom, a regular campus, or a district DAEP as a condition of probation."
number of times transfer or referral to juvenile justice program is mentioned,FOD_LEGAL_-_Student_Discipline_Expulsion_LEGAL.pdf,"A court may order a student to attend a regular classroom, a regu- lar campus, or a district DAEP if the district has entered into a memorandum of understanding (MOU) with the juvenile board for the county in which the district’s central administrative office is lo- cated, concerning the juvenile probation department’s role in su- pervising and providing other support services for students in DAEPs."
number of times expulsion or synonyms is mentioned,FOD_LEGAL_-_Student_Discipline_Expulsion_LEGAL.pdf,"Education Code 37.010(c) In a county that operates a JJAEP, a district is responsible for pro- viding an immediate educational program to a student who en- gages in behavior for which expulsion is permitted but not required under Education Code 37.007, but who is not eligible for admission into the JJAEP in accordance with an MOU."
number of times transfer or referral to juvenile justice program is mentioned,FOD_LEGAL_-_Student_Discipline_Expulsion_LEGAL.pdf,"After an expelled student has successfully completed any court disposition requirements, including conditions of a deferred prose- cution, or conditions required by the prosecutor or probation de- partment, a district may not refuse to admit the student if the stu- dent meets the requirements for admission."
number of times expulsion or synonyms is mentioned,FOD_LEGAL_-_Student_Discipline_Expulsion_LEGAL.pdf,"Education Code 37.010(f) If a student has been expelled from another school district, the ex- pelling district shall provide to a district in which the student enrolls a copy of the expulsion order and the referral to the authorized offi- cer of the juvenile court."
number of times expulsion or synonyms is mentioned,FOD_LEGAL_-_Student_Discipline_Expulsion_LEGAL.pdf,"A district in which the student enrolls may continue the expulsion under the terms of the order, may place the student in a DAEP for the period specified by the expulsion order, or may allow the student to attend regular classes without complet- ing the period of expulsion."
number of times expulsion or synonyms is mentioned,FOD_LEGAL_-_Student_Discipline_Expulsion_LEGAL.pdf,The out-of-state district provides a copy of the expulsion or- der; and 2.
number of times expulsion or synonyms is mentioned,FOD_LEGAL_-_Student_Discipline_Expulsion_LEGAL.pdf,The grounds for the expulsion are also grounds for expulsion in the district in which the student is enrolling.
number of times expulsion or synonyms is mentioned,FOD_LEGAL_-_Student_Discipline_Expulsion_LEGAL.pdf,Education Code 37.010(g-1) Note:See FOF for provisions concerning expulsion of students with disabilities.
number of times expulsion or synonyms is mentioned,FOD_LEGAL_-_Student_Discipline_Expulsion_LEGAL.pdf,The principal or other appropriate administrator may place a stu- dent who has been expelled under Education Code 37.007 or 37.0081 in a virtual expulsion program established by the district and provide virtual instruction and instructional materials for remote learning to the student only if: 1.
total number of disciplinary terms mentioned,FOD_LEGAL_-_Student_Discipline_Expulsion_LEGAL.pdf,"A school district must ensure that, to the extent practicable in a vir- tual setting, the district's virtual expulsion program complies with the requirements for a disciplinary alternative education program under Education Code 37.008."
number of times expulsion or synonyms is mentioned,FOD_LEGAL_-_Student_Discipline_Expulsion_LEGAL.pdf,"[See FOC] If the principal or other appropriate administrator places a student in a virtual expulsion program under this section, the school district shall ensure that the student has suitable computer equipment and internet access and provide the computer equipment and internet access if necessary."
number of times expulsion or synonyms is mentioned,FOD_LEGAL_-_Student_Discipline_Expulsion_LEGAL.pdf,The principal or other appropriate administrator shall review the placement of a student in a virtual expulsion program at least once every 45 school days after the date the placement begins to deter- mine if continued placement in the program is appropriate.
number of times expulsion or synonyms is mentioned,FOD_LEGAL_-_Student_Discipline_Expulsion_LEGAL.pdf,A student placed in a virtual expulsion program shall be counted toward the district's average daily attendance for purposes of re- ceipt of state funds under the Foundation School Program if the district can confirm the student's daily attendance in the virtual ex- pulsion program.
number of times expulsion or synonyms is mentioned,FOD_LEGAL_-_Student_Discipline_Expulsion_LEGAL.pdf,A district may not require a teacher who provides virtual instruction to students in a virtual expulsion program to provide virtual instruc- tion and in-class instruction for a course during the same class pe- riod.
number of times expulsion or synonyms is mentioned,FOD_LEGAL_-_Student_Discipline_Expulsion_LEGAL.pdf,A teacher may not provide instruction for a virtual expulsion program course unless the teacher has completed a professional development course on virtual instruction.
number of times expulsion or synonyms is mentioned,FOD_LEGAL_-_Student_Discipline_Expulsion_LEGAL.pdf,The commissioner of education shall adopt rules requiring districts to provide basic professional development training for teachers providing instruction in a virtual expulsion program.
total number of drug or alcohol terms mentioned,FOF_LEGAL_-_Student_Discipline_Students_with_Disabilities_LEGAL.pdf,104.35(a) A district may take disciplinary action pertaining to the use or pos- session of illegal drugs or alcohol against any student with a dis- ability who is currently engaging in the illegal use of drugs or in the use of alcohol to the same extent that the district would take disci- plinary action against nondisabled students.
total number of disciplinary terms mentioned,FOF_LEGAL_-_Student_Discipline_Students_with_Disabilities_LEGAL.pdf,Any disciplinary action regarding the student shall be deter- mined in accordance with federal law and regulations.
total number of disciplinary terms mentioned,FOF_LEGAL_-_Student_Discipline_Students_with_Disabilities_LEGAL.pdf,"Education Code 37.004(a)-(b) The methods adopted in the Student Code of Conduct [see FO] for discipline management and for preventing and intervening in stu- dent discipline problems must provide that a student who is en- rolled in the special education program may not be disciplined in a manner that results in a change in the student's educational place- ment for bullying, harassment, or making hit lists until an ARD committee meeting has been held to review the conduct."
total number of disciplinary terms mentioned,FOF_LEGAL_-_Student_Discipline_Students_with_Disabilities_LEGAL.pdf,Education Code 37.001(b-1) A student with a disability who receives special education services may not be placed in a disciplinary alternative education program (DAEP) solely for educational purposes.
total number of disciplinary terms mentioned,FOF_LEGAL_-_Student_Discipline_Students_with_Disabilities_LEGAL.pdf,"Education Code 37.004(c)-(d) School personnel may remove a student with a disability who vio- lates a student code of conduct from his or her current placement to an appropriate interim alternative educational setting, another setting, or suspension, for not more than 10 consecutive school days, to the extent those alternatives are applied to children with- out disabilities."
number of times drug and alcohol use prevention programs are mentioned,FOF_LEGAL_-_Student_Discipline_Students_with_Disabilities_LEGAL.pdf,"300.530(b)(1) After a student has been removed from his or her current place- ment for 10 school days in the same school year, during any sub- sequent removal of 10 consecutive school days or less, school per- sonnel, in consultation with at least one of the student’s teachers, shall determine the extent to which services are needed so as to enable the student to continue to participate in the general educa- tion curriculum, although in another setting, and to progress toward meeting the goals set out in the student’s individualized education program (IEP)."
total number of disciplinary terms mentioned,FOF_LEGAL_-_Student_Discipline_Students_with_Disabilities_LEGAL.pdf,1415(k)(1)(H) Any disciplinary action that would constitute a change in placement may be taken only after the student’s ARD committee conducts a manifestation determination review.
total number of disciplinary terms mentioned,FOF_LEGAL_-_Student_Discipline_Students_with_Disabilities_LEGAL.pdf,"Any disciplinary action regarding the student shall be determined in accordance with federal law and regulations, including laws or reg- ulations requiring the provision of functional behavioral assess- ments; positive behavioral interventions, strategies, and supports; behavioral intervention plans; and the manifestation determination review [see Manifestation Determination, below]."
total number of disciplinary terms mentioned,FOF_LEGAL_-_Student_Discipline_Students_with_Disabilities_LEGAL.pdf,"Education Code 37.004(b) If a district takes a disciplinary action regarding a student with a disability who receives special education services that constitutes a change in placement under federal law, the district shall: 1."
total number of disciplinary terms mentioned,FOF_LEGAL_-_Student_Discipline_Students_with_Disabilities_LEGAL.pdf,"Education Code 37.004(b-1) For purposes of disciplinary removal of a student with a disability, a change in placement occurs if a student is: 1."
number of times any other terms are mentioned that relate to disciplinary approaches to student drug and alcohol use,FOF_LEGAL_-_Student_Discipline_Students_with_Disabilities_LEGAL.pdf,300.536 School personnel may consider any unique circumstances on a case-by-case basis when determining whether to order a change in placement for a student who violates a code of student conduct.
total number of disciplinary terms mentioned,FOF_LEGAL_-_Student_Discipline_Students_with_Disabilities_LEGAL.pdf,"300.530(e) If the determination is that the student’s behavior was not a mani- festation of the student’s disability, school personnel may apply the relevant disciplinary procedures to the student in the same manner and for the same duration as for students without disabilities."
number of times expulsion or synonyms is mentioned,FOF_LEGAL_-_Student_Discipline_Students_with_Disabilities_LEGAL.pdf,"300.530(c) In a county with a juvenile justice alternative education program (JJAEP) [see FODA], a district must invite the administrator of the JJAEP or the administrator’s designee to an ARD committee meet- ing convened to discuss the discretionary expulsion under Educa- tion Code 37.007 of a student with a disability."
number of times expulsion or synonyms is mentioned,FOF_LEGAL_-_Student_Discipline_Students_with_Disabilities_LEGAL.pdf,"300.530(d)(1)-(2) For a student with a disability who was expelled under a discre- tionary expulsion under Education Code 37.007, an ARD commit- tee meeting must be convened to reconsider placement of the stu- dent in the JJAEP if the JJAEP provides written notice to the district of specific concerns that the student’s education or behav- ioral needs cannot be met in JJAEP."
total number of drug or alcohol terms mentioned,FOF_LEGAL_-_Student_Discipline_Students_with_Disabilities_LEGAL.pdf,"Knowingly possesses or uses illegal drugs or sells or solicits the sale of a controlled substance while at school, on school premises, or at a school function under the jurisdiction of TEA or a school district; or 3."
total number of disciplinary terms mentioned,FOF_LEGAL_-_Student_Discipline_Students_with_Disabilities_LEGAL.pdf,"If a district reports a crime, the district shall ensure that copies of the special education and disciplinary records of the student are trans- mitted for consideration by the appropriate authorities to whom the district reported the crime."
total number of disciplinary terms mentioned,FOF_LEGAL_-_Student_Discipline_Students_with_Disabilities_LEGAL.pdf,300.535 [See FL] A student who has not been determined to be eligible for special education and related services and who has engaged in behavior that violated a code of student conduct may assert any of the pro- tections provided for in the IDEA if a district had knowledge that the student had a disability before the behavior that precipitated that disciplinary action occurred.
total number of disciplinary terms mentioned,FOF_LEGAL_-_Student_Discipline_Students_with_Disabilities_LEGAL.pdf,"300.534(a) A district shall be deemed to have knowledge that a student has a disability if, before the behavior that precipitated the disciplinary ac- tion occurred: 1."
total number of disciplinary terms mentioned,FOF_LEGAL_-_Student_Discipline_Students_with_Disabilities_LEGAL.pdf,"However, if a request is made for an evaluation during the time pe- riod in which the student is subjected to disciplinary measures, the evaluation shall be conducted in an expedited manner."
number of times suspension or synonyms are mentioned,FOF_LEGAL_-_Student_Discipline_Students_with_Disabilities_LEGAL.pdf,"Until the evaluation is completed, the student shall remain in the educational placement determined by school authorities, which can include suspension or expulsion without educational services."
number of times police or school resource officers are mentioned,FOF_LEGAL_-_Student_Discipline_Students_with_Disabilities_LEGAL.pdf,"Provides, as a school resource officer, a regular police pres- ence on a district campus under a memorandum of under- standing between the district and a local law enforcement agency."
number of times transfer or referral to juvenile justice program is mentioned,FOF_LEGAL_-_Student_Discipline_Students_with_Disabilities_LEGAL.pdf,"Juvenile probation, detention, or corrections personnel; or 3."
total number of disciplinary terms mentioned,FO_LEGAL_-_Student_Discipline_LEGAL.pdf,The Student Code of Conduct must: 1.
total number of disciplinary terms mentioned,FO_LEGAL_-_Student_Discipline_LEGAL.pdf,"Specify the circumstances, in accordance with Education Code Chapter 37, Subchapter A, under which a student may be removed from a classroom, campus, disciplinary alterna- tive education program (DAEP), or vehicle owned or operated by the district."
total number of disciplinary terms mentioned,FO_LEGAL_-_Student_Discipline_LEGAL.pdf,"Specify conditions that authorize or require a principal or other appropriate administrator to transfer a student to a DAEP, which must expressly provide that an appropriate ad- ministrator may place a student in a disciplinary alternative education program for the first-time offense of possession or use of a nicotine delivery product or e-cigarette, as defined by Health and Safety Code 161.081 [see FOB]."
number of times suspension or synonyms are mentioned,FO_LEGAL_-_Student_Discipline_LEGAL.pdf,"Specify that consideration will be given, as a factor in each decision concerning suspension, removal to a DAEP, expul- sion, or placement in a juvenile justice alternative education program (JJAEP), regardless of whether the decision con- cerns a mandatory or discretionary action, to: a."
total number of disciplinary terms mentioned,FO_LEGAL_-_Student_Discipline_LEGAL.pdf,Intent or lack of intent at the time the student engaged in the conduct; c. A student’s disciplinary history; d. A disability that substantially impairs the student’s ca- pacity to appreciate the wrongfulness of the student’s conduct; e. A student’s status in the conservatorship of the Depart- ment of Family and Protective Services; or f. A student’s status as a student who is homeless.
number of times expulsion or synonyms is mentioned,FO_LEGAL_-_Student_Discipline_LEGAL.pdf,Provide guidelines for setting the length of removal to a DAEP or of expulsion.
total number of disciplinary terms mentioned,FO_LEGAL_-_Student_Discipline_LEGAL.pdf,"Address the notification of the parent or guardian of a stu- dent’s violation of the Student Code of Conduct that results in suspension, removal to a DAEP, or expulsion."
total number of disciplinary terms mentioned,FO_LEGAL_-_Student_Discipline_LEGAL.pdf,"Include a statement regarding whether the board has adopted a policy for parental involvement in school disciplinary place- ments [see Parental Involvement Policy, below] and, if so, the provisions of that policy."
total number of disciplinary terms mentioned,FO_LEGAL_-_Student_Discipline_LEGAL.pdf,"[See FOF] Education Code 37.001(a)-(b-1), (e) The law enforcement duties of peace officers, school resource offi- cers, and security personnel [see CKE] must be included in the Student Code of Conduct."
total number of disciplinary terms mentioned,FO_LEGAL_-_Student_Discipline_LEGAL.pdf,"Education Code 37.081(d)(2) Once a Student Code of Conduct is promulgated, any change or amendment shall be approved by a board."
total number of disciplinary terms mentioned,FO_LEGAL_-_Student_Discipline_LEGAL.pdf,The Student Code of Conduct must be posted and prominently dis- played at each school campus or made available for review at the office of the campus principal.
total number of disciplinary terms mentioned,FO_LEGAL_-_Student_Discipline_LEGAL.pdf,"Education Code 37.001(b-1)-(c) Each school year, a district shall provide parents with notice of and information regarding the Student Code of Conduct."
total number of disciplinary terms mentioned,FO_LEGAL_-_Student_Discipline_LEGAL.pdf,"Education Code 37.0091 In taking disciplinary action against a student for behavior that vio- lates the Student Code of Conduct and that may reasonably be de- termined to have been motivated by antisemitism, a district shall use the definition of antisemitism provided by Government Code 448.001, below, including the examples referenced in that term, in determining whether the student's behavior was motivated by anti- semitism."
total number of disciplinary terms mentioned,FO_LEGAL_-_Student_Discipline_LEGAL.pdf,Monitor disciplinary referrals; 2.
total number of disciplinary terms mentioned,FO_LEGAL_-_Student_Discipline_LEGAL.pdf,"A CBC must provide notice by promptly contacting the parent or guardian by telephone or in person; and making a good faith effort to provide written notice of the disciplinary action to the student, on the day the action is taken, for delivery to the student’s parent or guardian."
total number of disciplinary terms mentioned,FO_LEGAL_-_Student_Discipline_LEGAL.pdf,"If a parent or guardian entitled to notice has not been reached by telephone or in person by 5 p.m. of the first business day after the day the disciplinary action is taken, a CBC shall mail written notice of the action to the parent or guardian at the parent’s or guardian’s last known address."
total number of disciplinary terms mentioned,FO_LEGAL_-_Student_Discipline_LEGAL.pdf,Education Code 26.015 The board may adopt a policy for parental involvement in school disciplinary placements.
number of times transfer or referral to recovery schools are mentioned,FO_LEGAL_-_Student_Discipline_LEGAL.pdf,"The principal, CBC, or other appropriate administrator to no- tify the parent of a student who has been placed in a disci- plinary alternative education program or expelled of the par- ent's right to request a behavioral agreement that specifies the responsibilities of the parent and student to be developed; and 2."
total number of disciplinary terms mentioned,FO_LEGAL_-_Student_Discipline_LEGAL.pdf,"The reduction in the period of a disciplinary placement is at the sole discretion of the principal, CBC, or other appropriate administrator and may be revoked or amended at any time if the student or the student's parent does not comply with the terms of the behavioral agreement."
total number of disciplinary terms mentioned,FO_LEGAL_-_Student_Discipline_LEGAL.pdf,A behavioral agreement must include in writing the specific reduc- tion in the period of the student's disciplinary placement with which the student will be credited if the student and the student's parent comply with the terms of the behavioral agreement.
total number of disciplinary terms mentioned,FO_LEGAL_-_Student_Discipline_LEGAL.pdf,"Education Code 37.008(h) If a district takes disciplinary action against a student and the stu- dent subsequently enrolls in another district or school before the expiration of the period of disciplinary action, the district or school taking the disciplinary action shall provide to the district or school in which the student enrolls, at the same time other records of the student are provided, a copy of the order of disciplinary action."
total number of disciplinary terms mentioned,FO_LEGAL_-_Student_Discipline_LEGAL.pdf,"“Disciplinary action” means a suspension, expulsion, placement in an alternative education program, or other limitation in enrollment eligibility of a student."
number of times suspension or synonyms are mentioned,FO_LEGAL_-_Student_Discipline_LEGAL.pdf,"Education Code 37.022 If a student is placed in in-school suspension or other alternative setting other than a DAEP, a district shall offer the student the op- portunity to complete, before the beginning of the next school year, each course in which the student was enrolled at the time of re- moval."
number of times police or school resource officers are mentioned,FO_LEGAL_-_Student_Discipline_LEGAL.pdf,"Provides, as a school resource officer, a regular police pres- ence on a school district campus under a memorandum of un- derstanding between the district and a local law enforcement agency."
total number of health or treatment terms mentioned,FO_LEGAL_-_Student_Discipline_LEGAL.pdf,Ridicules or demeans the student in a manner that adversely affects or endangers the learning or mental health of the stu- dent or constitutes verbal abuse; 6.
number of times drug and alcohol use prevention programs are mentioned,FO_LEGAL_-_Student_Discipline_LEGAL.pdf,Complies with the student's individualized education program or behavior intervention plan.
total number of disciplinary terms mentioned,FO_LEGAL_-_Student_Discipline_LEGAL.pdf,Education Code 26.009(b)(1) A teacher may document any conduct by a student that does not conform to the Student Code of Conduct and may submit that doc- umentation to the principal.
total number of disciplinary terms mentioned,FO_LEGAL_-_Student_Discipline_LEGAL.pdf,"Education Code 37.002(b-1) For each placement in a disciplinary alternative education program (DAEP), a district shall annually report to the commissioner: 1."
total number of disciplinary terms mentioned,FO_LEGAL_-_Student_Discipline_LEGAL.pdf,Conduct violating the Student Code of Conduct; b.
total number of disciplinary terms mentioned,FO_LEGAL_-_Student_Discipline_LEGAL.pdf,Conduct for which a student may be removed from class by a teacher [see FOA and the Student Code of Con- duct]; c. Conduct for which placement in a DAEP is required [see FOC and the Student Code of Conduct]; or d. Conduct occurring while a student was enrolled in an- other district and for which placement in a DAEP is per- mitted by Education Code 37.008(j); 3.
number of times expulsion or synonyms is mentioned,FO_LEGAL_-_Student_Discipline_LEGAL.pdf,Information indicating whether the expulsion was based on: a.
number of times expulsion or synonyms is mentioned,FO_LEGAL_-_Student_Discipline_LEGAL.pdf,"Conduct for which expulsion is required, including infor- mation specifically indicating whether a student was ex- pelled for bringing a firearm to school; or b."
number of times expulsion or synonyms is mentioned,FO_LEGAL_-_Student_Discipline_LEGAL.pdf,Conduct for which expulsion is permitted; 3.
number of times drug and alcohol use prevention programs are mentioned,FO_LEGAL_-_Student_Discipline_LEGAL.pdf,The student was placed in a DAEP; or c. The student was not placed in a JJAEP or other alterna- tive education program; and 5.
number of times expulsion or synonyms is mentioned,FO_LEGAL_-_Student_Discipline_LEGAL.pdf,The number of expulsions that were inconsistent with the guidelines on length of expulsion in the Student Code of Con- duct.
number of times suspension or synonyms are mentioned,FO_LEGAL_-_Student_Discipline_LEGAL.pdf,"For each out-of-school suspension under Education Code 37.005, a district shall report: 1."
number of times suspension or synonyms are mentioned,FO_LEGAL_-_Student_Discipline_LEGAL.pdf,Information indicating the basis for the suspension; 3.
total number of disciplinary terms mentioned,FO_LEGAL_-_Student_Discipline_LEGAL.pdf,"The number of out-of-school suspensions that were inconsis- tent with the guidelines included in the Student Code of Con- duct under Education Code 37.001(a)(3) [see Student Code of Conduct, item 3, above]."
number of times suspension or synonyms are mentioned,GBAA_LEGAL_-_Access_to_Public_Information_Requests_for_Information_LEGAL.pdf,"Gov’t Code 552.221(c), (d) Unless the district has initiated a temporary suspension of the Pub- lic Information Act during a catastrophe [see below], if a district closes its physical offices, but requires staff to work, including re- motely, then the district shall make a good faith effort to continue responding to applications for public information, to the extent staff have access to public information responsive to an application while its administrative offices are closed."
total number of drug or alcohol terms mentioned,GBAA_LEGAL_-_Access_to_Public_Information_Requests_for_Information_LEGAL.pdf,"If the letter, memorandum, or brief submitted to the attorney general contains the substance of the information re- quested, the copy of the letter, memorandum, or brief may be a redacted copy."
number of times suspension or synonyms are mentioned,GBAA_LEGAL_-_Access_to_Public_Information_Requests_for_Information_LEGAL.pdf,“Suspension period” means the period of time during which a dis- trict may suspend the applicability of the requirements of the Public Information Act.
number of times suspension or synonyms are mentioned,GBAA_LEGAL_-_Access_to_Public_Information_Requests_for_Information_LEGAL.pdf,"A district may suspend the applicability of the Public Information Act to the district for an initial suspension period only once for each catastrophe, which may not exceed seven consecutive days and must occur during the period that: 1."
number of times suspension or synonyms are mentioned,GBAA_LEGAL_-_Access_to_Public_Information_Requests_for_Information_LEGAL.pdf,A board may extend an initial suspension period if the board deter- mines that the district is still impacted by the catastrophe on which the initial suspension period was based.
number of times suspension or synonyms are mentioned,GBAA_LEGAL_-_Access_to_Public_Information_Requests_for_Information_LEGAL.pdf,The initial suspension pe- riod may be extended one time for not more than seven consecu- tive days that begin on the day following the day the initial suspen- sion period ends.
number of times suspension or synonyms are mentioned,GBAA_LEGAL_-_Access_to_Public_Information_Requests_for_Information_LEGAL.pdf,The combined suspension period for a district filing for both an ini- tial suspension period and a subsequent extension may not ex- ceed a total of 14 consecutive calendar days with respect to any single catastrophe.
number of times suspension or synonyms are mentioned,GBAA_LEGAL_-_Access_to_Public_Information_Requests_for_Information_LEGAL.pdf,Upon conclusion of any suspension period the district shall imme- diately resume compliance with all requirements of the Public Infor- mation Act.
number of times suspension or synonyms are mentioned,GBAA_LEGAL_-_Access_to_Public_Information_Requests_for_Information_LEGAL.pdf,A district that elects to suspend the Public Information Act must submit notice to the attorney general that the district is currently im- pacted by a catastrophe and has elected to suspend the applicabil- ity of the PIA during the initial suspension period.
number of times suspension or synonyms are mentioned,GBAA_LEGAL_-_Access_to_Public_Information_Requests_for_Information_LEGAL.pdf,A board that elects to extend an initial suspension period must sub- mit notice of the extension on the form prescribed by the attorney general.
number of times suspension or synonyms are mentioned,GBAA_LEGAL_-_Access_to_Public_Information_Requests_for_Information_LEGAL.pdf,State the date the initial suspension period determined by the board begins and the date that period ends; 3.
number of times suspension or synonyms are mentioned,GBAA_LEGAL_-_Access_to_Public_Information_Requests_for_Information_LEGAL.pdf,If the board has determined to extend the initial suspension period: a.
number of times suspension or synonyms are mentioned,GBAA_LEGAL_-_Access_to_Public_Information_Requests_for_Information_LEGAL.pdf,State the date the extension to the initial suspension pe- riod begins and the date the period ends; and 4.
number of times suspension or synonyms are mentioned,GBAA_LEGAL_-_Access_to_Public_Information_Requests_for_Information_LEGAL.pdf,"A district that elects to suspend the Public Information Act must provide notice to the public of the suspension in a place readily ac- cessible to the public and in each other location the district is re- quired to post a notice under Government Code Chapter 551, Sub- chapter C (Notice of Meetings)."
number of times suspension or synonyms are mentioned,GBAA_LEGAL_-_Access_to_Public_Information_Requests_for_Information_LEGAL.pdf,A request for public information received by a district before the date an initial suspension period begins are tolled until the first business day after the date the suspension period ends.
total number of drug or alcohol terms mentioned,GRAA_LEGAL_-_State_and_Local_Governmental_Authorities_Law_Enforcement_Agencies_LEGAL.pdf,"The use, sale, or possession of a controlled substance, drug paraphernalia, or marijuana, as defined by Health and Safety Code 481."
total number of health or treatment terms mentioned,GRAA_LEGAL_-_State_and_Local_Governmental_Authorities_Law_Enforcement_Agencies_LEGAL.pdf,"The principal may designate a school employee, other than a school counselor, who is under the supervision of the principal to make the report."
total number of disciplinary terms mentioned,GRAA_LEGAL_-_State_and_Local_Governmental_Authorities_Law_Enforcement_Agencies_LEGAL.pdf,A person who takes any action under this provi- sion is immune from civil or criminal liability or disciplinary action resulting from that action.
number of times transfer or referral to juvenile justice program is mentioned,GRAA_LEGAL_-_State_and_Local_Governmental_Authorities_Law_Enforcement_Agencies_LEGAL.pdf,"Education Code 37.0151 As described below, representatives of the juvenile justice system shall provide notice to a district when: 1."
number of time transfer or referral to disciplinary alternative school is mentioned,GRAA_LEGAL_-_State_and_Local_Governmental_Authorities_Law_Enforcement_Agencies_LEGAL.pdf,"A student on parole, probation, or community supervision transfers into or reenrolls in a district [see Transfer Students, below]."
total number of drug or alcohol terms mentioned,GRAA_LEGAL_-_State_and_Local_Governmental_Authorities_Law_Enforcement_Agencies_LEGAL.pdf,"The unlawful use, sale, or possession of a controlled substance, drug paraphernalia, or marijuana, as defined by Health and Safety Code Chapter 481; and c. The unlawful possession of any of the weapons or de- vices listed in Penal Code 46.01(1)–(3), (5)–(7), (9)–(14), or (16), or a weapon listed as a prohibited weapon under Penal Code 46.05."
number of times arrest or synonyms are mentioned,GRAA_LEGAL_-_State_and_Local_Governmental_Authorities_Law_Enforcement_Agencies_LEGAL.pdf,"Code of Criminal Procedure 15.27(i) If a law enforcement agency arrests a person or refers a child to the juvenile board for an offense specified at Reportable Offenses, and the agency believes the person is enrolled as a student in a public school, the head of the agency or designee shall orally notify the superintendent or designee in the district in which the student is enrolled, or believed to be enrolled, of the arrest or referral."
number of times arrest or synonyms are mentioned,GRAA_LEGAL_-_State_and_Local_Governmental_Authorities_Law_Enforcement_Agencies_LEGAL.pdf,"The notice shall be provided within 24 hours after the arrest or referral is made or before the next school day, whichever is earlier."
number of times arrest or synonyms are mentioned,GRAA_LEGAL_-_State_and_Local_Governmental_Authorities_Law_Enforcement_Agencies_LEGAL.pdf,Both the oral and written notice shall contain sufficient details of the arrest or referral and the acts allegedly committed by the stu- dent to enable a superintendent or designee to determine whether there is a reasonable belief that the student has engaged in con- duct defined as a felony offense by the Penal Code or whether it is necessary to conduct a threat assessment or prepare a safety plan related to the student.
number of times transfer or referral to juvenile justice program is mentioned,GRAA_LEGAL_-_State_and_Local_Governmental_Authorities_Law_Enforcement_Agencies_LEGAL.pdf,"Code of Criminal Procedure 15.27(g); Education Code 37.006(h) If a juvenile justice agency has jurisdiction over a student who is arrested, referred, convicted, or adjudicated for a reportable of- fense and the student transfers from a school or is subsequently removed from a school and later returned to a school or district other than the one the student was enrolled in when the arrest, re- ferral, conviction, or adjudication occurred, the juvenile justice agency shall notify the superintendent or designee of the district to which the student transfers or is returned."
number of times transfer or referral to juvenile justice program is mentioned,GRAA_LEGAL_-_State_and_Local_Governmental_Authorities_Law_Enforcement_Agencies_LEGAL.pdf,"The juvenile justice agency shall provide notice of an arrest or re- ferral in a manner similar to that provided above, at Arrest."
number of time transfer or referral to disciplinary alternative school is mentioned,GRAA_LEGAL_-_State_and_Local_Governmental_Authorities_Law_Enforcement_Agencies_LEGAL.pdf,"In either case, notice shall be provided within 24 hours of learning of the student’s transfer or reenrollment, or before the next school day, whichever is earlier."
total number of health or treatment terms mentioned,BDF_LEGAL_-_Board_Internal_Organization_Advisory_Committees_LEGAL.pdf,"The policies and procedures adopted to promote the physical health and mental health of students, the physical health and mental health resources available at each campus, contact in- formation for the nearest providers of essential public health services under Health and Safety Code Chapter 121, and the contact information for the nearest local mental health author- ity; 2."
total number of drug or alcohol terms mentioned,BDF_LEGAL_-_Board_Internal_Organization_Advisory_Committees_LEGAL.pdf,"Whether the district has adopted and enforces policies and procedures that prescribe penalties for the use of e-ciga- rettes, as defined by Education Code 38.006, and tobacco products by students and others on school campuses or at school-sponsored or school-related activities [see DH and GKA]; 6."
total number of health or treatment terms mentioned,BDF_LEGAL_-_Board_Internal_Organization_Advisory_Committees_LEGAL.pdf,Whether each campus in the district has a full-time nurse or full-time school counselor.
total number of drug or alcohol terms mentioned,CHE_LEGAL_-_Purchasing_and_Acquisition_Vendor_Disclosures_and_Contracts_LEGAL.pdf,"Gov’t Code 2273.001(3), (5) A district receiving funds or grants from the Permanent Fund for Health and Tobacco Education and Enforcement may not use the funds to pay: 1."
total number of health or treatment terms mentioned,DH_LEGAL_-_Employee_Standards_of_Conduct_LEGAL.pdf,"Education Code 21.041(b)(8); 19 TAC 247.1(b), (c) Any person who has reasonable cause to believe that a child’s physical or mental health or welfare has been adversely affected by abuse or neglect by any person shall immediately make a report as required by law."
number of time transfer or referral to disciplinary alternative school is mentioned,DH_LEGAL_-_Employee_Standards_of_Conduct_LEGAL.pdf,Forward or transfer the public information to the district or a district server to be preserved as provided by Government Code 552.004(a); or 2.
total number of drug or alcohol terms mentioned,DH_LEGAL_-_Employee_Standards_of_Conduct_LEGAL.pdf,Edu- cation Code 38.007(a) A district that receives a direct federal grant must agree to provide a drug-free workplace by: 1.
total number of drug or alcohol terms mentioned,DH_LEGAL_-_Employee_Standards_of_Conduct_LEGAL.pdf,"Publishing a statement notifying employees that the unlawful manufacture, distribution, dispensation, possession, or use of a controlled substance is prohibited in the district’s workplace and specifying the actions that will be taken against employ- ees for violations of the prohibition; 2."
total number of drug or alcohol terms mentioned,DH_LEGAL_-_Employee_Standards_of_Conduct_LEGAL.pdf,Establishing a drug-free awareness program to inform em- ployees about: a.
total number of drug or alcohol terms mentioned,DH_LEGAL_-_Employee_Standards_of_Conduct_LEGAL.pdf,The dangers of drug abuse in the workplace; b.
total number of drug or alcohol terms mentioned,DH_LEGAL_-_Employee_Standards_of_Conduct_LEGAL.pdf,"The district’s policy of maintaining a drug-free workplace; c. Available drug counseling, rehabilitation, and employee assistance programs; and d. The penalties that may be imposed on employees for drug abuse violations; 3."
total number of drug or alcohol terms mentioned,DH_LEGAL_-_Employee_Standards_of_Conduct_LEGAL.pdf,Notify the district of any criminal drug statute conviction for a violation occurring in the workplace no later than 5 days after the conviction; 5.
total number of drug or alcohol terms mentioned,DH_LEGAL_-_Employee_Standards_of_Conduct_LEGAL.pdf,"Imposing a sanction on, or requiring the satisfactory participa- tion in a drug abuse assistance or rehabilitation program by, any employee who is convicted, as required by 41 U.S.C."
total number of drug or alcohol terms mentioned,DH_LEGAL_-_Employee_Standards_of_Conduct_LEGAL.pdf,Making a good faith effort to continue to maintain a drug-free workplace through implementation of the above requirements.
total number of disciplinary terms mentioned,DH_LOCAL_-_Employee_Standards_of_Conduct_LOCAL.pdf,"Violation of any policies, regulations, or guidelines, including intentionally making a false claim, offering a false statement, or refusing to cooperate with a District investigation, may result in disciplinary action, including ter- mination of employment."
total number of health or treatment terms mentioned,DH_LOCAL_-_Employee_Standards_of_Conduct_LOCAL.pdf,"In accordance with ethical standards applicable to all District em- ployees [see DH(EXHIBIT)], an employee shall be prohibited from using electronic communications in a manner that constitutes pro- hibited harassment or abuse of a District student; adversely affects the student’s learning, mental health, or safety; includes threats of violence against the student; reveals confidential information about the student; or constitutes an inappropriate communication with a student, as described in the Educators’ Code of Ethics."
total number of disciplinary terms mentioned,DH_LOCAL_-_Employee_Standards_of_Conduct_LOCAL.pdf,"If an employee’s use of electronic communication violates state or federal law or District policy, or interferes with the em- ployee’s ability to effectively perform his or her job duties, the em- ployee is subject to disciplinary action, up to and including termina- tion of employment."
total number of disciplinary terms mentioned,DH_LOCAL_-_Employee_Standards_of_Conduct_LOCAL.pdf,"An employee shall be subject to disciplinary action, including termi- nation of employment, if the employee, intentionally or knowingly: •Engages in diversity, equity, and inclusion (DEI) duties."
total number of drug or alcohol terms mentioned,DH_LOCAL_-_Employee_Standards_of_Conduct_LOCAL.pdf,"An employee is also prohibited from possessing or using any type of nicotine product, including nicotine pouches, regardless of whether the product con- tains tobacco, while on District property, in a District vehicle, or while attending an off-campus school-related activity."
total number of drug or alcohol terms mentioned,DH_LOCAL_-_Employee_Standards_of_Conduct_LOCAL.pdf,"As a condition of employment, an employee shall abide by the terms of the following drug-free workplace provisions."
total number of drug or alcohol terms mentioned,DH_LOCAL_-_Employee_Standards_of_Conduct_LOCAL.pdf,"An employee shall notify the Superintendent in writing if the employee is con- victed for a violation of a criminal drug statute occurring in the workplace in accordance with Arrests, Indictments, Convictions, and Other Adjudications, below."
total number of drug or alcohol terms mentioned,DH_LOCAL_-_Employee_Standards_of_Conduct_LOCAL.pdf,"Any controlled substance or dangerous drug as defined by law, including but not limited to marijuana, any narcotic drug, hallucinogen, stimulant, depressant, amphetamine, or barbitu- rate."
total number of drug or alcohol terms mentioned,DH_LOCAL_-_Employee_Standards_of_Conduct_LOCAL.pdf,Alcohol or any alcoholic beverage.
total number of drug or alcohol terms mentioned,DH_LOCAL_-_Employee_Standards_of_Conduct_LOCAL.pdf,"Any other intoxicant or mood-changing, mind-altering, or be- havior-altering drug."
total number of drug or alcohol terms mentioned,DH_LOCAL_-_Employee_Standards_of_Conduct_LOCAL.pdf,An employee need not be legally intoxicated to be considered “un- der the influence” of a controlled substance.
total number of drug or alcohol terms mentioned,DH_LOCAL_-_Employee_Standards_of_Conduct_LOCAL.pdf,"Manufactures, possesses, or dispenses a substance listed above as part of the employee’s job responsibilities; 2."
total number of drug or alcohol terms mentioned,DH_LOCAL_-_Employee_Standards_of_Conduct_LOCAL.pdf,Possesses a controlled substance or drug that a licensed physician has prescribed for the employee’s child or other in- dividual for whom the employee is a legal guardian.
total number of drug or alcohol terms mentioned,DH_LOCAL_-_Employee_Standards_of_Conduct_LOCAL.pdf,An employee who violates these drug-free workplace provisions shall be subject to disciplinary sanctions.
total number of drug or alcohol terms mentioned,DH_LOCAL_-_Employee_Standards_of_Conduct_LOCAL.pdf,Referral to drug and alcohol counseling or rehabilitation pro- grams; 2.
number of times arrest or synonyms are mentioned,DH_LOCAL_-_Employee_Standards_of_Conduct_LOCAL.pdf,"An employee shall notify his or her principal or immediate supervi- sor within three calendar days of any arrest, indictment, conviction, no contest or guilty plea, or other adjudication of the employee for any felony, any offense involving moral turpitude, and any of the other offenses as indicated below: 1."
total number of drug or alcohol terms mentioned,EL_LEGAL_-_Campus_or_Program_Charters_LEGAL.pdf,Education Code 12.054 A charter shall be in the form and substance of a written contract signed by a board president and the chief operating officer of the campus or program for which the charter is granted.
number of times transfer or referral to juvenile justice program is mentioned,EL_LEGAL_-_Campus_or_Program_Charters_LEGAL.pdf,Education Code 12.057(c) A board may place on probation or revoke a charter it grants if the board determines that the campus or program: 1.
number of times transfer or referral to juvenile justice program is mentioned,EL_LEGAL_-_Campus_or_Program_Charters_LEGAL.pdf,Education Code 12.063 Each board that grants a charter shall adopt a procedure to be used for placing on probation or revoking a charter it grants.
number of times transfer or referral to juvenile justice program is mentioned,EL_LEGAL_-_Campus_or_Program_Charters_LEGAL.pdf,Education Code 12.064Liability Placement on Probation or Revocation Procedure
total number of health or treatment terms mentioned,FFB_LEGAL_-_Student_Welfare_Crisis_Intervention_LEGAL.pdf,"Specific interventions, including mental health or behavioral supports; 2."
number of times suspension or synonyms are mentioned,FFB_LEGAL_-_Student_Welfare_Crisis_Intervention_LEGAL.pdf,Out-of-school suspension; or 4.
total number of disciplinary terms mentioned,FFB_LEGAL_-_Student_Welfare_Crisis_Intervention_LEGAL.pdf,The student’s expulsion or removal to a disciplinary alterna- tive education program (DAEP) or a juvenile justice alterna- tive education program (JJAEP).
total number of drug or alcohol terms mentioned,FFB_LEGAL_-_Student_Welfare_Crisis_Intervention_LEGAL.pdf,"The superintendent shall ensure, to the greatest extent practicable, that the members appointed to each team have expertise in coun- seling, behavior management, mental health and substance use, classroom instruction, special education, school administration, school safety and security, emergency management, and law en- forcement."
number of times drug and alcohol use prevention programs are mentioned,FFB_LEGAL_-_Student_Welfare_Crisis_Intervention_LEGAL.pdf,"If a student in a special education program under Education Code Chapter 29, Subchapter A, is the subject of a threat assessment, the team conducting the assessment must include at least one per- son who has specific knowledge of the student's disability and the disability's manifestations and who is: 1."
"number of times health-services staff such as school nurses, social workers, psychologists, or substance use counselors are mentioned",FFB_LEGAL_-_Student_Welfare_Crisis_Intervention_LEGAL.pdf,A clinical or master social worker licensed under Occupations Code Chapter 505; or 4.
"number of times health-services staff such as school nurses, social workers, psychologists, or substance use counselors are mentioned",FFB_LEGAL_-_Student_Welfare_Crisis_Intervention_LEGAL.pdf,A licensed clinical or licensed master social worker; or 6.
total number of drug or alcohol terms mentioned,FFB_LEGAL_-_Student_Welfare_Crisis_Intervention_LEGAL.pdf,"A committee with oversight responsibility must include members with expertise in hu- man resources, education, special education, counseling, behavior management, school administration, mental health and substance use, school safety and security, emergency management, and law enforcement."
total number of health or treatment terms mentioned,FFB_LEGAL_-_Student_Welfare_Crisis_Intervention_LEGAL.pdf,Referring a student for mental health assessment; and b.
total number of health or treatment terms mentioned,FFB_LEGAL_-_Student_Welfare_Crisis_Intervention_LEGAL.pdf,A team may not provide a mental health-care service to a student who is under 18 years of age unless the team obtains written con- sent from the parent of or the person standing in parental relation to the student before providing the mental health-care service.
number of times drug and alcohol use prevention programs are mentioned,FFB_LEGAL_-_Student_Welfare_Crisis_Intervention_LEGAL.pdf,A team identifying a student at risk of suicide shall act in accor- dance with the district’s suicide prevention program.
number of times drug and alcohol use prevention programs are mentioned,FFB_LEGAL_-_Student_Welfare_Crisis_Intervention_LEGAL.pdf,"If the student at risk of suicide also makes a threat of violence to others, the team shall conduct a threat assessment in addition to actions taken in accordance with the district’s suicide prevention program."
total number of drug or alcohol terms mentioned,FFB_LEGAL_-_Student_Welfare_Crisis_Intervention_LEGAL.pdf,"A team identifying a student using or possessing tobacco, drugs, or alcohol shall act in accordance with district policies and procedures related to substance use prevention and intervention."
number of time transfer or referral to disciplinary alternative school is mentioned,FFB_LEGAL_-_Student_Welfare_Crisis_Intervention_LEGAL.pdf,"Education Code 37.115(j-1) [For information regarding the transfer of threat assessment records between school districts, see FD and FDA.]"
total number of disciplinary terms mentioned,FFB_LEGAL_-_Student_Welfare_Crisis_Intervention_LEGAL.pdf,"Any disciplinary action taken, including a change in school placement; b."
total number of health or treatment terms mentioned,FFB_LEGAL_-_Student_Welfare_Crisis_Intervention_LEGAL.pdf,"Any action taken by law enforcement; or c. A referral to or change in counseling, mental health, spe- cial education, or other services; 4."
number of times trauma-informed care or synonyms are mentioned,FFB_LEGAL_-_Student_Welfare_Crisis_Intervention_LEGAL.pdf,"A best-practices program or research-based practice un- der Education Code 38.351 [see FFEB], including the number and percentage of school personnel trained in suicide prevention or grief and trauma-informed prac- tices; b."
total number of health or treatment terms mentioned,FFB_LEGAL_-_Student_Welfare_Crisis_Intervention_LEGAL.pdf,Mental health or psychological first aid for schools; c. Training relating to the safe and supportive school pro- gram; or d. Any other program relating to safety identified by the commissioner.
total number of disciplinary terms mentioned,FNCA_LOCAL_-_Student_Conduct_Dress_Code_LOCAL.pdf,"Students who violate d ress and grooming standards established for such an activity may be removed or excluded from the activity for a period determined by the principal or sponsor and may be subject to other disciplinary action, as specified in the Student Code of Conduct."
total number of drug or alcohol terms mentioned,FNCD_LEGAL_-_Student_Conduct_Tobacco_Use_and_Possession_LEGAL.pdf,"The term does not include a prescription medical device, prescription medication, or other pre- scribed substance unrelated to the cessation of smoking."
total number of disciplinary terms mentioned,FNCD_LEGAL_-_Student_Conduct_Tobacco_Use_and_Possession_LEGAL.pdf,"Health and Safety Code 161.081(1-a) [For information regarding the disciplinary consequences of stu- dent e-cigarette use, see FOC.]"
number of times expulsion or synonyms is mentioned,FNCG_LEGAL_-_Student_Conduct_Weapons_LEGAL.pdf,"The student must be expelled from the student’s regular campus for a period of at least one year, except that the superin- tendent may modify in writing the length of expulsion in the case of an individual student."
number of times expulsion or synonyms is mentioned,FNCG_LEGAL_-_Student_Conduct_Weapons_LEGAL.pdf,"For expulsion under this provision, “school” means any setting that is under the control and supervision of a district for the purpose of student activities approved and authorized by the district."
total number of drug or alcohol terms mentioned,FNCG_LEGAL_-_Student_Conduct_Weapons_LEGAL.pdf,"A “firearm” means any device designed, made, or adapted to expel a projectile through a barrel by using the energy generated by an explosion or burning substance or any device readily convertible to that use."
total number of drug or alcohol terms mentioned,FNCG_LEGAL_-_Student_Conduct_Weapons_LEGAL.pdf,A zip gun (a device or combination of devices that was not originally a firearm and is adapted to expel a projectile through a smooth-bore or rifled-bore barrel by using the en- ergy generated by an explosion or burning substance).
number of times police or school resource officers are mentioned,GKA_LEGAL_-_Community_Relations_Conduct_on_School_Premises_LEGAL.pdf,"Education Code 37.107 A school administrator, school resource officer, or school district peace officer may refuse to allow persons to enter on or may eject a person from property under the district's control if the person re- fuses to leave peaceably on request and: 1."
total number of drug or alcohol terms mentioned,GKA_LEGAL_-_Community_Relations_Conduct_on_School_Premises_LEGAL.pdf,Education Code 37.126 A board shall prohibit smoking or using e-cigarettes or tobacco products at a school-related or school-sanctioned activity on or off school property.
total number of drug or alcohol terms mentioned,GKA_LEGAL_-_Community_Relations_Conduct_on_School_Premises_LEGAL.pdf,"7183 A person commits an offense if the person is in possession of a burning tobacco product, smokes tobacco, or operates an e-ciga- rette in a facility of a public school."
total number of drug or alcohol terms mentioned,GKA_LEGAL_-_Community_Relations_Conduct_on_School_Premises_LEGAL.pdf,Edu- cation Code 38.007(a) [See FNCF regarding alcohol-free zones.]
total number of drug or alcohol terms mentioned,GKA_LOCAL_-_Community_Relations_Conduct_on_School_Premises_LOCAL.pdf,"The District prohibits smoking and the use of tobacco products, e-cigarettes, or other electronic vaporizing devices on District prop- erty, in District vehicles, or at school-related activities."
total number of drug or alcohol terms mentioned,GKA_LOCAL_-_Community_Relations_Conduct_on_School_Premises_LOCAL.pdf,[See FOD]Access to District Property Ejection or Exclusion under Education Code 37.105 Off-Campus Activities Prohibitions Tobacco and E-Cigarettes Weapons Exceptions
total number of drug or alcohol terms mentioned,GKD_LOCAL_-_Community_Relations_Nonschool_Use_of_School_Facilities_LOCAL.pdf,"Abide by all laws and policies, including but not limited to those prohibiting the use, sale, or possession of alcoholic beverages, illegal drugs, and firearms and the use of tobacco products or e-cigarettes on school property."
